Date,ADI,AMAT,AMD,ARM,ASML,ASX,AVGO,CRDO,ENTG,INTC,KLAC,LRCX,MCHP,MPWR,MRVL,MTSI,MU,NVDA,NVMI,NXPI,ON,QCOM,RMBS,STM,SWKS,TER,TSM,TXN,UMC
2024-01-02,185.60279846191406,151.11727905273438,138.5800018310547,68.91999816894531,701.1107788085938,8.4310302734375,105.74688720703125,18.3799991607666,112.89144134521484,47.16828155517578,54.87083435058594,73.3626708984375,80.67460632324219,592.8492431640625,57.698028564453125,90.27999877929688,81.67503356933594,48.0825309753418,135.64999389648438,211.65658569335938,81.44999694824219,132.43649291992188,65.25,47.03120040893555,99.71904754638672,103.7664566040039,98.2740478515625,156.75918579101562,7.248822212219238
2024-01-03,181.1731719970703,148.25877380371094,135.32000732421875,67.91000366210938,687.859619140625,7.985336780548096,103.13578033447266,18.09000015258789,109.05052185058594,46.42819595336914,54.107093811035156,72.15154266357422,78.8199234008789,567.623779296875,56.29946517944336,85.72000122070312,81.59569549560547,47.484596252441406,132.10000610351562,206.77621459960938,79.30999755859375,129.95269775390625,63.90999984741211,45.70830535888672,96.15471649169922,100.77539825439453,96.9576644897461,154.42529296875,7.0387115478515625
2024-01-04,178.4022674560547,146.16384887695312,136.00999450683594,68.38999938964844,684.84765625,7.9760518074035645,102.20339965820312,17.940000534057617,107.94180297851562,46.25057601928711,53.50490951538086,71.57877349853516,77.72947692871094,560.5174560546875,57.6597900390625,82.75,82.04206085205078,47.912837982177734,131.9600067138672,198.8144073486328,76.19999694824219,128.60215759277344,62.7400016784668,43.6753044128418,94.33599853515625,100.60701751708984,95.95101928710938,152.3229217529297,7.1175031661987305
2024-01-05,178.86248779296875,145.8603973388672,138.5800018310547,67.05000305175781,687.830322265625,7.957480430603027,102.22970581054688,17.530000686645508,108.82283020019531,46.27030944824219,53.296348571777344,71.70801544189453,78.27935791015625,563.393310546875,59.496726989746094,81.83000183105469,82.77608489990234,49.00988006591797,129.32000732421875,196.86224365234375,75.69999694824219,129.1310272216797,63.400001525878906,43.39321517944336,94.38168334960938,101.7856216430664,96.41563415527344,152.90643310546875,7.091239929199219
2024-01-08,181.19235229492188,148.36647033691406,146.17999267578125,72.83999633789062,704.9443359375,8.171042442321777,104.720947265625,18.850000381469727,111.73323059082031,47.809696197509766,55.063724517822266,74.1322250366211,79.81717681884766,579.8046264648438,63.65711975097656,84.66000366210938,84.26396942138672,52.160282135009766,131.4600067138672,203.03453063964844,77.94000244140625,131.30322265625,66.58999633789062,44.210304260253906,96.9406967163086,104.87574005126953,98.9612808227539,156.09234619140625,7.20504903793335
2024-01-09,181.94021606445312,147.84764099121094,149.25999450683594,71.87999725341797,700.162109375,8.133901596069336,105.46530151367188,19.950000762939453,111.4758529663086,47.41497802734375,54.474273681640625,73.62899017333984,79.53755187988281,582.7885131835938,63.02164077758789,83.63999938964844,82.65705108642578,53.04571533203125,130.9499969482422,202.59432983398438,77.02999877929688,132.11538696289062,66.69999694824219,43.45158004760742,95.57894134521484,104.2319564819336,98.62250518798828,156.17572021484375,7.099993705749512
2024-01-10,180.60748291015625,146.65335083007812,148.5399932861328,70.7699966430664,701.9615478515625,8.143186569213867,105.27823638916016,19.739999771118164,111.80252075195312,46.84264373779297,54.449798583984375,73.40086364746094,79.63078308105469,578.312744140625,62.98193359375,84.08000183105469,81.7147216796875,54.253570556640625,131.0,202.1924285888672,75.61000061035156,131.567626953125,65.20999908447266,43.17921447753906,95.35045623779297,103.87539672851562,97.5674819946289,154.89764404296875,7.0387115478515625
2024-01-11,181.1731719970703,148.7482452392578,148.02000427246094,69.7699966430664,702.6853637695312,8.143186569213867,107.1693344116211,19.799999237060547,110.94129943847656,47.010398864746094,55.04219055175781,74.42985534667969,79.87309265136719,577.5667114257812,65.40470886230469,83.70999908447266,82.71656799316406,54.72472381591797,133.44000244140625,202.38381958007812,74.43000030517578,131.30322265625,66.27999877929688,43.03330612182617,94.21717834472656,104.09329223632812,97.97399139404297,153.36949157714844,6.986184120178223
2024-01-12,180.597900390625,148.06300354003906,146.55999755859375,70.0,697.4923095703125,8.124616622924805,107.9195327758789,18.899999618530273,110.66410064697266,46.49726486206055,54.89237976074219,74.37797546386719,79.60282135009766,568.0752563476562,65.21603393554688,84.25,81.72464752197266,54.61292266845703,133.8000030517578,200.1062774658203,73.47000122070312,132.40814208984375,65.97000122070312,42.371849060058594,93.65968322753906,103.80607604980469,97.99334716796875,152.69342041015625,6.9599199295043945
2024-01-16,180.05140686035156,150.5200958251953,158.74000549316406,68.4800033569336,690.9205932617188,8.096760749816895,108.62881469726562,18.989999771118164,111.59464263916016,46.43806457519531,55.499446868896484,74.52189636230469,79.36980438232422,585.3994140625,65.05715942382812,86.16999816894531,83.92671966552734,56.281959533691406,133.60000610351562,199.99143981933594,73.80000305175781,133.2770538330078,68.87000274658203,42.36212921142578,93.49518585205078,103.09298706054688,98.40956115722656,151.7765350341797,6.854864597320557
2024-01-17,177.7886505126953,150.13832092285156,160.1699981689453,69.86000061035156,696.5633544921875,8.013192176818848,107.52883911132812,18.75,110.49580383300781,45.4512825012207,55.077430725097656,73.71515655517578,77.67355346679688,573.5620727539062,64.8982925415039,85.06999969482422,82.6074447631836,55.953548431396484,132.36000061035156,196.63258361816406,72.2699966430664,131.57708740234375,67.55999755859375,41.399131774902344,91.59420013427734,101.87476348876953,99.64852142333984,150.4243621826172,6.688526630401611
2024-01-18,182.1415557861328,156.9614715576172,162.6699981689453,74.2300033569336,728.1118774414062,8.403173446655273,111.44934844970703,19.190000534057617,114.85150909423828,46.122291564941406,57.77009963989258,76.92163848876953,80.30181884765625,599.6218872070312,67.7281723022461,88.87999725341797,84.13501739501953,57.00567626953125,137.7100067138672,202.49864196777344,73.22000122070312,137.21530151367188,69.18000030517578,42.790122985839844,94.80210876464844,105.00448608398438,109.40525817871094,154.58273315429688,6.819846153259277
2024-01-19,186.7437744140625,164.40130615234375,174.22999572753906,78.58000183105469,741.1187133789062,8.607451438903809,118.00532531738281,20.780000686645508,119.12799072265625,47.51365661621094,60.021183013916016,80.90357208251953,83.35881042480469,619.6748657226562,70.57789611816406,90.30999755859375,86.80330657958984,59.385440826416016,144.42999267578125,208.9580078125,73.87000274658203,143.51458740234375,73.22000122070312,43.76285171508789,96.91328430175781,107.67863464355469,110.5377426147461,160.82493591308594,6.968674659729004
2024-01-22,189.17909240722656,164.75372314453125,168.17999267578125,77.11000061035156,749.7736206054688,8.718873977661133,118.9113998413086,21.989999771118164,119.65265655517578,47.582733154296875,61.0111083984375,81.61046600341797,84.5704116821289,625.986083984375,69.61473846435547,92.5199966430664,88.51931762695312,59.548152923583984,142.72999572753906,209.41732788085938,75.19000244140625,144.3740234375,73.98999786376953,44.09357833862305,99.24382019042969,109.0354995727539,109.40525817871094,161.91781616210938,7.091239929199219
2024-01-23,193.07176208496094,163.53009033203125,168.4199981689453,76.3499984741211,761.225341796875,8.793156623840332,119.47744750976562,21.700000762939453,122.04828643798828,48.243873596191406,60.641963958740234,81.30204772949219,85.73542022705078,630.1477661132812,70.10128784179688,91.66999816894531,86.8231430053711,59.76676940917969,145.82000732421875,214.28817749023438,76.75,144.96900939941406,73.6500015258789,45.39702224731445,100.34053039550781,110.17449188232422,110.46997833251953,161.46395874023438,7.108748912811279
2024-01-24,190.1282958984375,170.47067260742188,178.2899932861328,75.73999786376953,828.62548828125,8.839582443237305,122.16259002685547,21.75,121.94928741455078,48.44123077392578,62.51411437988281,83.04187774658203,84.40264892578125,620.3323974609375,71.7694091796875,89.83000183105469,87.36869049072266,61.25312042236328,149.0399932861328,212.14463806152344,75.1500015258789,145.7906494140625,73.37000274658203,44.70639419555664,98.52182006835938,109.60994720458984,112.78335571289062,157.5093536376953,7.187540531158447
2024-01-25,189.1695098876953,168.9924774169922,180.3300018310547,73.91000366210938,849.9154052734375,8.941720962524414,119.83697509765625,21.540000915527344,122.18685913085938,48.89515686035156,62.83134841918945,84.74940490722656,83.5545425415039,604.313720703125,69.50552368164062,89.68000030517578,88.4796371459961,61.507667541503906,147.97999572753906,209.96278381347656,72.69000244140625,145.88510131835938,73.23999786376953,44.3562126159668,97.81807708740234,108.89683532714844,112.82205963134766,155.05506896972656,7.240067958831787
2024-01-26,185.93836975097656,163.3832244873047,177.25,71.16999816894531,848.6148071289062,8.765299797058105,117.38956451416016,20.84000015258789,119.177490234375,43.07312774658203,58.68757629394531,82.14895629882812,81.0101547241211,590.0421752929688,67.55935668945312,87.37000274658203,87.33894348144531,60.92271423339844,145.7100067138672,205.8574981689453,71.70999908447266,142.34352111816406,71.27999877929688,43.4029426574707,95.58808898925781,104.4498519897461,113.49961853027344,151.9709930419922,6.863619327545166
2024-01-29,189.07362365722656,164.92994689941406,177.8300018310547,72.93000030517578,863.1569213867188,8.802440643310547,118.64542388916016,21.149999618530273,121.75130462646484,43.2606201171875,58.757102966308594,82.81082153320312,81.29906463623047,608.3380126953125,69.64454650878906,89.5999984741211,88.35069274902344,62.35416793823242,146.57000732421875,208.1063232421875,73.0199966430664,141.32351684570312,73.02999877929688,43.59748840332031,97.01382446289062,105.05401611328125,113.22860717773438,153.77699279785156,6.907392501831055
2024-01-30,186.7150115966797,162.7371368408203,172.05999755859375,71.97000122070312,848.888671875,8.709589004516602,117.70913696289062,20.979999542236328,120.82991790771484,42.35277557373047,58.2939567565918,81.83076477050781,80.11540222167969,602.0953369140625,68.34379577636719,88.08000183105469,85.46419525146484,62.66261291503906,146.25,205.90541076660156,72.56999969482422,137.866943359375,71.43000030517578,43.13058090209961,95.35045623779297,103.58818054199219,112.33809661865234,151.2660369873047,6.854864597320557
2024-01-31,184.43309020996094,160.83804321289062,167.69000244140625,70.66999816894531,850.63916015625,8.626020431518555,114.96553802490234,20.510000228881836,116.60939025878906,42.51066207885742,58.16568374633789,80.79096984863281,79.3884506225586,591.5929565429688,67.22176361083984,86.2300033569336,85.05751037597656,61.4178352355957,144.80999755859375,201.50340270996094,71.12999725341797,140.25631713867188,68.52999877929688,42.91658401489258,95.46927642822266,95.6648178100586,109.33751678466797,149.46446228027344,6.749809265136719
2024-02-01,184.09750366210938,163.45175170898438,170.47999572753906,70.5199966430664,870.9022216796875,8.403173446655273,116.91510009765625,20.559999465942383,116.8967056274414,42.78696060180664,58.6611442565918,81.48023986816406,79.82649993896484,602.792236328125,66.39762878417969,84.04000091552734,84.91864776611328,62.9151725769043,144.99000549316406,203.83836364746094,70.19000244140625,133.26760864257812,68.1500015258789,43.081939697265625,94.098388671875,94.22869110107422,109.75372314453125,149.06304931640625,6.732300281524658
2024-02-02,184.18380737304688,164.63623046875,177.66000366210938,71.0,871.01953125,8.226754188537598,119.2855224609375,21.850000381469727,118.33325958251953,42.03700256347656,59.1722526550293,82.11568450927734,78.55896759033203,624.1210327148438,67.05296325683594,80.26000213623047,85.7816162109375,66.04261016845703,146.75,205.73312377929688,70.83000183105469,133.81536865234375,68.8499984741211,42.45940399169922,92.45330047607422,95.44691467285156,112.03804016113281,148.6056671142578,6.671017646789551
2024-02-05,184.62481689453125,167.4849395751953,174.22999572753906,73.2699966430664,880.2636108398438,8.449600219726562,121.11327362060547,21.309999465942383,118.501708984375,42.20475387573242,60.20624542236328,83.35127258300781,79.64940643310547,634.280029296875,66.54657745361328,81.2699966430664,86.27757263183594,69.20899200439453,148.8300018310547,211.50347900390625,77.58999633789062,136.02532958984375,68.37000274658203,43.52939224243164,92.11514282226562,95.32807922363281,114.98054504394531,148.32562255859375,6.7147908210754395
2024-02-06,181.8922576904297,165.1453094482422,167.8800048828125,72.9800033569336,886.4845581054688,8.4310302734375,119.12088775634766,20.600000381469727,117.4713363647461,42.29877853393555,58.90788650512695,81.71619415283203,77.58966827392578,621.294189453125,66.60614776611328,79.91999816894531,83.91680145263672,68.1019515991211,146.0,213.39822387695312,76.31999969482422,136.09144592285156,55.2599983215332,43.013851165771484,94.18062591552734,96.81370544433594,115.55162811279297,147.8308868408203,6.7147908210754395
2024-02-07,184.05914306640625,167.2989501953125,170.94000244140625,77.01000213623047,903.4717407226562,8.607451438903809,122.47338104248047,20.979999542236328,118.7691879272461,42.33836364746094,59.62071990966797,83.0790786743164,77.64558410644531,633.4947509765625,68.87996673583984,80.81999969482422,84.482177734375,69.97461700439453,148.0,211.83840942382812,76.95999908447266,137.78192138671875,53.619998931884766,42.829036712646484,94.7838134765625,96.57600402832031,120.97203826904297,148.2042694091797,6.916146755218506
2024-02-08,186.06301879882812,170.22593688964844,169.35000610351562,113.88999938964844,904.1673583984375,8.756014823913574,124.1978759765625,21.239999771118164,123.59407043457031,42.061256408691406,60.559722900390625,84.62799835205078,78.6148910522461,723.4627685546875,70.51830291748047,82.44999694824219,84.19452667236328,69.5174331665039,149.99000549316406,218.02023315429688,80.70999908447266,139.94468688964844,56.25,43.93793869018555,95.58808898925781,97.52681732177734,129.44143676757812,149.54844665527344,7.04746675491333
2024-02-09,186.98345947265625,181.9241485595703,172.47999572753906,115.20999908447266,930.2850341796875,8.932435035705566,125.04354095458984,22.549999237060547,125.75386810302734,42.86289596557617,63.62546157836914,89.25121307373047,79.63078308105469,738.4212646484375,68.34379577636719,83.61000061035156,84.8690414428711,72.00501251220703,160.66000366210938,223.4939727783203,80.80000305175781,142.6079559326172,58.70000076293945,44.998207092285156,96.00849914550781,101.33000946044922,128.84132385253906,151.59271240234375,7.099993705749512
2024-02-12,186.05343627929688,181.63046264648438,171.91000366210938,148.97000122070312,910.3098754882812,8.895294189453125,123.2469711303711,22.469999313354492,124.95137023925781,43.57545852661133,63.454105377197266,88.90072631835938,78.2420654296875,716.3955078125,69.92255401611328,85.02999877929688,85.00791931152344,72.11980438232422,157.24000549316406,226.4891815185547,80.91999816894531,144.59124755859375,58.040000915527344,44.60912322998047,96.98639678955078,101.92428588867188,126.27631378173828,150.36056518554688,7.056221008300781
2024-02-13,177.07916259765625,176.51065063476562,171.5399932861328,119.9800033569336,884.9464111328125,8.681732177734375,121.94630432128906,22.100000381469727,122.94017028808594,42.71444320678711,62.77064895629883,87.39195251464844,75.18509674072266,698.9732666015625,67.64871978759766,84.20999908447266,80.87158966064453,72.00003051757812,153.22999572753906,222.07769775390625,78.58999633789062,141.70127868652344,55.220001220703125,43.00412368774414,94.48221588134766,97.96259307861328,123.45962524414062,146.41204833984375,6.819846153259277
2024-02-14,178.64199829101562,182.2667694091797,178.6999969482422,126.4000015258789,905.6368408203125,8.858152389526367,122.97611236572266,22.469999313354492,129.95460510253906,43.73380661010742,64.02102661132812,89.65460205078125,75.1012191772461,731.4229125976562,68.4728775024414,85.9000015258789,81.16915893554688,73.7688980102539,157.42999267578125,223.8863067626953,81.66999816894531,145.3845672607422,57.02000045776367,43.76285171508789,96.72136688232422,100.59710693359375,125.12448120117188,147.3641815185547,6.942410469055176
2024-02-15,179.8116912841797,183.70579528808594,176.75999450683594,133.67999267578125,910.9269409179688,8.941720962524414,123.25379180908203,22.510000228881836,134.39309692382812,43.595252990722656,64.02005004882812,89.46661376953125,76.89998626708984,720.763427734375,66.96361541748047,86.20999908447266,80.97077178955078,72.52908325195312,166.9499969482422,224.39349365234375,80.62000274658203,147.31118774414062,56.34000015258789,44.074119567871094,96.48373413085938,101.6977767944336,124.89215850830078,150.0151824951172,6.828600883483887
2024-02-16,180.48287963867188,195.36483764648438,173.8699951171875,128.33999633789062,910.0452880859375,8.923149108886719,121.34516906738281,22.299999237060547,135.5423126220703,43.060829162597656,64.90031433105469,90.6659927368164,76.06117248535156,717.0139770507812,65.82173919677734,85.62999725341797,78.85797882080078,72.48416137695312,168.9499969482422,222.163818359375,78.63999938964844,144.20399475097656,56.09000015258789,43.94766616821289,95.43509674072266,101.38047790527344,122.627197265625,149.70712280273438,6.741054058074951
2024-02-20,181.59503173828125,185.15460205078125,165.69000244140625,121.7699966430664,891.0692138671875,8.821011543273926,119.5008544921875,21.40999984741211,134.2642822265625,44.060401916503906,63.960182189941406,88.16053009033203,76.79747009277344,699.1694946289062,64.58055114746094,83.75,80.05821228027344,69.32877349853516,161.63999938964844,221.3887176513672,77.47000122070312,143.51458740234375,55.060001373291016,43.35430145263672,95.59146881103516,99.32786560058594,121.31082153320312,151.9101104736328,6.802336692810059
2024-02-21,185.73703002929688,186.63531494140625,164.2899932861328,123.38999938964844,889.7369995117188,8.876724243164062,119.58853149414062,21.969999313354492,133.09519958496094,43.021240234375,63.97490310668945,88.3064193725586,77.80403900146484,700.739990234375,65.05715942382812,84.73999786376953,80.8319091796875,67.35227966308594,158.27999877929688,225.18777465820312,77.62000274658203,143.56182861328125,56.310001373291016,43.4029426574707,95.2235336303711,98.74284362792969,121.32050323486328,153.16091918945312,6.75856351852417
2024-02-22,184.00161743164062,195.85281372070312,181.86000061035156,128.52999877929688,932.4893188476562,9.22956371307373,127.13436889648438,23.270000457763672,133.9274444580078,42.53630065917969,67.10043334960938,92.46065521240234,78.6192855834961,727.6145629882812,69.3764419555664,87.5199966430664,85.21623229980469,78.3986587524414,164.64999389648438,229.18777465820312,78.36000061035156,146.14955139160156,57.90999984741211,44.38539505004883,96.52053833007812,101.61846160888672,124.9308853149414,154.4210662841797,6.793582916259766
2024-02-23,182.27578735351562,193.33273315429688,176.52000427246094,133.33999633789062,914.267578125,9.108856201171875,126.30329132080078,22.600000381469727,131.31187438964844,42.54619598388672,65.63336181640625,90.90782928466797,77.62598419189453,707.81689453125,67.10262298583984,86.52999877929688,85.30548858642578,78.67715454101562,161.82000732421875,228.56576538085938,76.19000244140625,146.30062866210938,56.040000915527344,43.52939224243164,95.52708435058594,99.29813385009766,125.37610626220703,152.79689025878906,6.618490219116211
2024-02-26,181.2211456298828,199.59866333007812,176.00999450683594,146.1999969482422,928.3159790039062,9.155282020568848,127.54647064208984,22.309999465942383,131.28213500976562,42.54619598388672,67.10536193847656,91.9123764038086,77.68223571777344,711.507568359375,68.13526916503906,87.7300033569336,88.73755645751953,78.95167541503906,167.10000610351562,233.29306030273438,77.56999969482422,148.30284118652344,58.619998931884766,43.626670837402344,95.41670227050781,101.29122924804688,126.45053100585938,153.36627197265625,6.671017646789551
2024-02-27,181.27865600585938,198.9220733642578,178.0,137.9499969482422,922.2224731445312,8.913864135742188,126.28966522216797,22.020000457763672,130.66790771484375,42.28887939453125,66.49301147460938,91.12616729736328,77.7197036743164,696.1954956054688,68.64165496826172,85.81999969482422,91.10823822021484,78.56136322021484,165.27999877929688,235.14950561523438,76.97000122070312,149.5022430419922,57.650001525878906,45.046844482421875,95.82144165039062,99.42703247070312,124.46626281738281,153.9636993408203,6.627244472503662
2024-02-28,180.0226287841797,193.705322265625,176.5399932861328,133.86000061035156,920.3905029296875,8.848867416381836,125.62619018554688,22.170000076293945,130.40040588378906,41.556522369384766,66.04354858398438,90.33702850341797,77.00753784179688,697.4518432617188,67.06290435791016,86.08999633789062,88.98553466796875,77.52519989013672,167.39999389648438,233.47488403320312,76.47000122070312,147.93603515625,56.86000061035156,43.69476318359375,93.65978240966797,99.50635528564453,123.2950668334961,152.1901397705078,6.600980281829834
2024-02-29,183.9153289794922,197.70614624023438,192.52999877929688,141.0399932861328,932.3226928710938,9.043858528137207,126.70469665527344,21.540000915527344,133.11500549316406,42.60557556152344,66.95619201660156,91.86244201660156,78.84416198730469,706.7470092773438,71.15379333496094,88.33000183105469,89.87826538085938,78.97164154052734,173.4499969482422,238.977294921875,78.91999816894531,149.77749633789062,59.2400016784668,44.375667572021484,96.5113296508789,102.71910858154297,124.54371643066406,156.19464111328125,6.723545074462891
2024-03-01,188.0764923095703,206.16860961914062,202.63999938964844,141.6199951171875,970.7841796875,9.20170783996582,136.31895446777344,22.469999313354492,137.27609252929688,43.36762619018555,70.41734313964844,96.09991455078125,81.52416229248047,730.0194702148438,77.06175231933594,92.68000030517578,94.38160705566406,82.13301849365234,183.66000366210938,246.4223175048828,81.13999938964844,154.8083953857422,64.48999786376953,45.88338088989258,97.9095230102539,104.9898681640625,129.6060028076172,159.66708374023438,6.837355136871338
2024-03-04,187.5177459716797,205.42337036132812,205.36000061035156,138.00999450683594,977.73974609375,9.340987205505371,136.6199951171875,21.540000915527344,139.0198211669922,45.1391487121582,70.44090270996094,95.70728302001953,81.4491958618164,722.0982666015625,78.78946685791016,94.05000305175781,94.99657440185547,85.08575439453125,187.6699981689453,243.3505096435547,79.87999725341797,158.10218811035156,63.09000015258789,45.2900276184082,96.49293518066406,104.94029235839844,133.82615661621094,160.96456909179688,6.776072978973389
2024-03-05,182.83609008789062,203.3641357421875,205.1300048828125,134.07000732421875,949.1336669921875,9.359557151794434,130.82200622558594,20.780000686645508,134.37326049804688,42.71444320678711,69.2691879272461,94.29544830322266,80.24977111816406,704.3914184570312,78.17385864257812,90.9000015258789,93.70708465576172,85.81549835205078,182.91000366210938,237.76197814941406,76.98999786376953,153.25167846679688,61.400001525878906,44.599388122558594,92.2892074584961,102.88770294189453,130.6416778564453,159.2843780517578,6.688526630401611
2024-03-06,184.66639709472656,208.0513153076172,210.6300048828125,136.99000549316406,983.5098876953125,9.851675987243652,131.5283660888672,21.799999237060547,137.91015625,44.05050277709961,70.21028137207031,96.1322250366211,82.2831802368164,717.867919921875,80.79521942138672,94.20999908447266,94.78828430175781,88.5467758178711,184.27999877929688,240.4318389892578,77.62000274658203,159.36465454101562,63.68000030517578,45.58184051513672,96.12499237060547,105.8525619506836,137.03005981445312,160.4324951171875,6.924901485443115
2024-03-07,190.9664306640625,208.48281860351562,211.3800048828125,140.85000610351562,1026.0860595703125,10.826631546020508,137.08279418945312,22.520000457763672,144.02301025390625,45.67357635498047,70.97571563720703,97.37661743164062,87.46511840820312,753.4290771484375,84.4889144897461,98.51000213623047,98.18067169189453,92.50891876220703,182.0399932861328,247.8864288330078,82.95999908447266,166.79705810546875,65.4000015258789,47.24520492553711,99.16053009033203,109.06531524658203,144.4153289794922,163.6062774658203,7.222558498382568
2024-03-08,188.7508087158203,201.5696563720703,207.38999938964844,131.47999572753906,974.1053466796875,10.418078422546387,127.50654602050781,22.219999313354492,138.71267700195312,43.54576873779297,68.61560821533203,93.66394805908203,83.24834442138672,718.6923217773438,74.88722229003906,93.4800033569336,96.83165740966797,87.37679290771484,175.3300018310547,241.1782684326172,78.94999694824219,161.9085693359375,63.7599983215332,45.66938781738281,97.79913330078125,105.22785186767578,141.6761016845703,160.8339080810547,7.187540531158447
2024-03-11,190.9375,197.46095275878906,198.38999938964844,126.73999786376953,943.0891723632812,10.204517364501953,125.98666381835938,20.459999084472656,138.07858276367188,44.39689254760742,67.25843811035156,91.17220306396484,84.86946105957031,705.89306640625,71.84883880615234,92.8499984741211,93.74676513671875,85.62582397460938,168.25,242.38400268554688,81.5999984741211,162.43064880371094,62.52000045776367,46.20438003540039,99.02255249023438,105.45592498779297,134.5618133544922,162.59812927246094,7.161276817321777
2024-03-12,191.8911895751953,200.96170043945312,202.75999450683594,129.5,964.26953125,10.548072814941406,125.8658447265625,20.670000076293945,140.71395874023438,44.77296829223633,68.53614044189453,93.29449462890625,86.18133544921875,722.9522705078125,71.26302337646484,93.26000213623047,96.63326263427734,91.75421905517578,172.07000732421875,246.3744354248047,82.58999633789062,164.29112243652344,63.400001525878906,47.28411102294922,100.55870819091797,107.29035186767578,139.76922607421875,163.1675262451172,7.423914432525635
2024-03-13,191.31321716308594,196.66673278808594,194.7899932861328,131.27000427246094,949.074951171875,10.427363395690918,122.55230712890625,20.299999237060547,138.3262939453125,42.78371810913086,67.5852279663086,90.92786407470703,84.84134674072266,695.1060180664062,67.15225982666016,91.3499984741211,93.39958953857422,90.73098754882812,169.66000366210938,240.1734619140625,79.88999938964844,160.65560913085938,61.5099983215332,46.31138610839844,98.77417755126953,104.56348419189453,137.58172607421875,161.1885986328125,7.283840656280518
2024-03-14,187.2961883544922,196.85301208496094,187.05999755859375,130.9600067138672,940.2581176757812,10.195231437683105,122.98098754882812,19.360000610351562,136.28533935546875,42.30867385864258,67.94046020507812,90.8268051147461,83.3795394897461,680.2062377929688,65.61321258544922,89.93000030517578,90.69163513183594,87.79207611083984,169.64999389648438,233.23565673828125,77.16999816894531,159.89620971679688,60.9900016784668,45.24139404296875,96.70450592041016,102.9769287109375,135.14254760742188,159.7510986328125,7.20504903793335
2024-03-15,188.0379638671875,194.7937774658203,191.05999755859375,126.97000122070312,921.086181640625,10.037382125854492,120.37283325195312,19.030000686645508,134.73983764648438,42.199806213378906,67.11319732666016,89.29713439941406,83.0609359741211,674.3071899414062,66.39762878417969,89.48999786376953,92.49694061279297,87.68526458740234,168.92999267578125,227.31216430664062,74.87000274658203,158.7096710205078,60.54999923706055,43.626670837402344,95.72945404052734,102.19357299804688,132.58721923828125,161.0392608642578,7.02120304107666
2024-03-18,184.20399475097656,196.83340454101562,190.64999389648438,129.75,922.1932373046875,10.241658210754395,120.54234313964844,19.850000381469727,133.80853271484375,42.26908493041992,67.78050994873047,90.78755950927734,82.53619384765625,661.8515014648438,66.72529602050781,91.08000183105469,93.02265167236328,88.30219268798828,170.3300018310547,226.4317626953125,73.81999969482422,158.44390869140625,60.4900016784668,43.422119140625,94.82798767089844,101.9952621459961,132.79518127441406,157.9495391845703,7.099993705749512
2024-03-19,183.54893493652344,197.43157958984375,181.4199981689453,124.58999633789062,932.548095703125,10.250944137573242,120.61737823486328,19.850000381469727,132.24317932128906,41.61589813232422,66.83451080322266,91.35371398925781,81.78653717041016,638.2748413085938,64.60041046142578,91.0,93.24089813232422,89.24356842041016,176.4600067138672,226.20213317871094,74.04000091552734,155.76710510253906,58.84000015258789,42.545501708984375,95.23272705078125,102.61004638671875,131.07501220703125,155.66256713867188,7.2313127517700195
2024-03-20,187.1902313232422,201.07933044433594,179.72999572753906,131.3300018310547,951.1713256835938,10.390222549438477,124.84811401367188,20.68000030517578,135.57203674316406,41.76435470581055,68.29571533203125,93.12279510498047,82.77981567382812,654.696044921875,65.07703399658203,94.25,95.47270202636719,90.21588134765625,181.02999877929688,231.87625122070312,75.56999969482422,159.1558380126953,60.529998779296875,43.178619384765625,97.10003662109375,106.20952606201172,132.902099609375,158.66827392578125,7.353877067565918
2024-03-21,187.98977661132812,206.70794677734375,178.67999267578125,133.60000610351562,970.6372680664062,10.538787841796875,131.89283752441406,21.6200008392334,139.30709838867188,41.98208236694336,69.98164367675781,96.40880584716797,83.27647399902344,662.774169921875,66.1196060180664,98.27999877929688,108.96288299560547,91.27703857421875,183.75999450683594,236.52780151367188,75.77999877929688,162.17433166503906,64.7300033569336,42.350685119628906,97.66116333007812,110.5130386352539,135.526123046875,161.10462951660156,7.301350116729736
2024-03-22,186.4099578857422,206.16860961914062,179.64999389648438,134.14999389648438,960.027587890625,10.427363395690918,132.42803955078125,21.989999771118164,139.45571899414062,42.13053512573242,69.72942352294922,95.9505844116211,82.49869537353516,659.8983154296875,66.06995391845703,98.06999969482422,109.31998443603516,94.12611389160156,183.13999938964844,234.81710815429688,74.68000030517578,161.46243286132812,63.36000061035156,42.17536544799805,97.10923767089844,109.81891632080078,136.58543395996094,161.0019073486328,7.1437668800354
2024-03-25,183.6356201171875,204.4133758544922,178.6300048828125,138.30999755859375,959.0184936523438,10.325226783752441,132.24313354492188,22.309999465942383,140.62481689453125,41.39817428588867,68.6666488647461,95.3187026977539,82.13325500488281,657.012451171875,65.6529312133789,96.80999755859375,116.1841049194336,94.83788299560547,180.8699951171875,230.982421875,73.54000091552734,159.01344299316406,61.65999984741211,41.814979553222656,96.54812622070312,107.98448181152344,136.2841796875,159.48040771484375,6.994938373565674
2024-03-26,182.02691650390625,202.6580810546875,177.8699951171875,127.95999908447266,951.543701171875,10.195231437683105,130.27745056152344,21.65999984741211,139.0,41.556522369384766,67.5567626953125,94.90365600585938,80.81199645996094,654.1856689453125,67.7778091430664,94.94000244140625,117.84061431884766,92.4011001586914,178.92999267578125,229.75228881835938,72.88999938964844,158.58627319335938,62.09000015258789,41.902645111083984,95.68346405029297,107.23086547851562,134.93328857421875,156.73605346679688,6.9599199295043945
2024-03-27,186.236572265625,203.96231079101562,179.58999633789062,125.62000274658203,954.1985473632812,10.2138032913208,129.02896118164062,21.200000762939453,139.68357849121094,43.318145751953125,68.38599395751953,94.7505874633789,83.57632446289062,661.9544677734375,71.79920196533203,95.54000091552734,118.2869644165039,90.0940933227539,179.74000549316406,235.88389587402344,75.61000061035156,160.54168701171875,63.099998474121094,42.82796859741211,99.2433090209961,110.60228729248047,132.84378051757812,161.365966796875,6.986184120178223
2024-03-28,190.53289794921875,202.22665405273438,180.49000549316406,124.98999786376953,950.7306518554688,10.204517364501953,129.6825714111328,21.190000534057617,139.2377471923828,43.714012145996094,68.55282592773438,95.32948303222656,84.06359100341797,666.1632690429688,70.37930297851562,95.63999938964844,117.05083465576172,90.19992065429688,177.3800048828125,238.12313842773438,73.55000305175781,160.70303344726562,61.810001373291016,42.11692428588867,99.63884735107422,111.8814468383789,132.22181701660156,162.6168212890625,7.082485198974609
2024-04-01,189.40582275390625,204.63890075683594,183.33999633789062,126.91000366210938,972.7532958984375,10.04666805267334,132.11395263671875,21.260000228881836,139.31703186035156,44.060401916503906,69.76081848144531,96.33226013183594,84.09172058105469,657.3718872070312,72.68291473388672,97.62000274658203,123.41520690917969,90.20689392089844,178.10000610351562,236.691162109375,73.8499984741211,163.00015258789062,62.22999954223633,42.204593658447266,98.46143341064453,112.00042724609375,137.5087432861328,161.64601135253906,7.1175031661987305
2024-04-02,187.7296905517578,202.10897827148438,178.6999969482422,124.27999877929688,947.0471801757812,10.093093872070312,130.98875427246094,22.049999237060547,137.03834533691406,43.48638916015625,68.09747314453125,94.9134750366211,82.4424819946289,638.1860961914062,73.07015228271484,99.08000183105469,121.87623596191406,89.2974624633789,177.3699951171875,231.39572143554688,70.4800033569336,162.3546905517578,59.47999954223633,40.86042785644531,98.08429718017578,109.21405029296875,136.2744598388672,159.02296447753906,7.099993705749512
2024-04-03,188.19207763671875,203.3543243408203,180.77000427246094,125.30999755859375,960.3312377929688,10.288084983825684,133.38104248046875,22.440000534057617,139.1089630126953,39.913658142089844,68.45075988769531,95.99668884277344,82.59241485595703,639.0416259765625,72.51410675048828,101.43000030517578,127.09880065917969,88.81031799316406,178.92999267578125,234.38465881347656,70.7300033569336,165.0789794921875,60.310001373291016,41.43510818481445,98.36945343017578,107.93489837646484,138.00437927246094,159.0043182373047,7.135012149810791
2024-04-04,184.9071807861328,199.4417724609375,165.8300018310547,122.01000213623047,934.0175170898438,10.139520645141602,128.90863037109375,21.639999389648438,134.0264892578125,39.31985092163086,66.0190200805664,93.37300109863281,80.83074188232422,632.452880859375,70.37930297851562,98.55999755859375,123.20669555664062,85.756591796875,176.0500030517578,229.85800170898438,69.0999984741211,161.13967895507812,58.93000030517578,40.79225158691406,96.34574890136719,105.05927276611328,135.730224609375,157.3147735595703,7.003693103790283
2024-04-05,187.61407470703125,203.81520080566406,170.4199981689453,124.81999969482422,959.6259155273438,10.315939903259277,131.0543212890625,21.360000610351562,137.56341552734375,38.31037902832031,67.0091781616211,95.03612518310547,82.05828094482422,643.437255859375,72.13680267333984,100.66999816894531,122.70032501220703,87.85597229003906,179.11000061035156,231.62635803222656,69.31999969482422,162.81980895996094,60.060001373291016,40.86042785644531,97.02645874023438,106.36817932128906,137.3824005126953,156.3533172607422,7.056221008300781
2024-04-08,189.47328186035156,204.98211669921875,169.89999389648438,129.25,962.7216186523438,10.15809154510498,130.728515625,21.799999237060547,135.6414031982422,37.58791732788086,67.79228210449219,94.90660095214844,83.53885650634766,669.9984741210938,71.4119644165039,101.4000015258789,122.07482147216797,86.98247528076172,180.3300018310547,235.38412475585938,68.75,164.8036651611328,60.2599983215332,41.162376403808594,95.7938461303711,106.91355895996094,138.7721405029297,158.1829071044922,7.161276817321777
2024-04-09,196.6306610107422,206.32550048828125,170.77999877929688,126.80999755859375,969.69677734375,10.315939903259277,130.53089904785156,21.34000015258789,137.8507080078125,37.93430709838867,68.38204956054688,95.50315856933594,85.90021514892578,670.814697265625,72.8219223022461,102.77999877929688,121.75708770751953,85.20653533935547,174.9499969482422,242.02508544921875,70.94000244140625,166.65467834472656,61.4900016784668,42.331207275390625,98.33265686035156,110.25523376464844,141.30870056152344,161.91673278808594,7.240067958831787
2024-04-10,189.12646484375,205.18804931640625,167.13999938964844,125.18000030517578,954.7863159179688,10.167376518249512,129.38511657714844,21.200000762939453,134.7893829345703,36.81596755981445,67.4291763305664,94.35517883300781,82.54554748535156,655.4148559570312,70.92543029785156,99.45999908447266,121.33014678955078,86.88864135742188,174.30999755859375,231.69361877441406,69.2300033569336,162.18385314941406,59.75,41.19160461425781,94.53364562988281,105.50550842285156,142.10562133789062,157.6788330078125,7.161276817321777
2024-04-11,191.35171508789062,208.84561157226562,170.5,131.1300048828125,971.9989624023438,10.408793449401855,135.26451110839844,23.020000457763672,137.80120849609375,37.24153137207031,68.75301361083984,96.49809265136719,83.66064453125,672.9683227539062,71.08441925048828,102.4800033569336,126.60235595703125,90.4594497680664,174.8000030517578,234.81710815429688,70.5999984741211,166.23704528808594,62.33000183105469,41.5519905090332,95.96862030029297,108.53975677490234,143.05804443359375,159.80709838867188,7.161276817321777
2024-04-12,185.2154541015625,203.82501220703125,163.27999877929688,126.33000183105469,942.2760620117188,10.07452392578125,131.50830078125,21.440000534057617,131.63882446289062,35.321556091308594,66.8070297241211,93.9038314819336,80.24977111816406,647.2921142578125,69.72296142578125,98.4000015258789,121.64787292480469,88.03364562988281,170.47999572753906,224.5144805908203,66.63999938964844,162.5919952392578,60.13999938964844,40.013031005859375,93.41142272949219,104.9799575805664,138.50973510742188,155.2611846923828,6.977428913116455
2024-04-15,183.30810546875,201.6873016357422,160.32000732421875,122.31999969482422,935.39892578125,10.055953979492188,128.24232482910156,19.440000534057617,130.44992065429688,35.935157775878906,66.5822982788086,92.83726501464844,80.30597686767578,635.885009765625,67.45716094970703,97.51000213623047,120.50607299804688,85.85242462158203,170.47000122070312,221.15072631835938,65.63999938964844,161.2156219482422,59.0,39.58444595336914,92.20640563964844,103.54214477539062,136.19671630859375,155.27987670898438,6.8461103439331055
2024-04-16,184.21360778808594,205.41354370117188,163.4600067138672,122.22000122070312,957.04931640625,9.981670379638672,130.03970336914062,19.3799991607666,129.78616333007812,35.88566970825195,68.03663635253906,94.51117706298828,80.52151489257812,644.6370849609375,67.85466766357422,99.8499984741211,120.90321350097656,87.26399230957031,175.99000549316406,221.6985626220703,64.72000122070312,160.01959228515625,58.720001220703125,39.282501220703125,91.07498168945312,104.04784393310547,135.86627197265625,156.4373016357422,6.70603609085083
2024-04-17,182.47964477539062,196.00970458984375,154.02000427246094,107.55999755859375,889.1491088867188,9.833106994628906,125.496826171875,18.59000015258789,128.05238342285156,35.31166076660156,64.66771697998047,89.51004791259766,79.71563720703125,627.1229858398438,66.06587982177734,96.38999938964844,115.50194549560547,83.88983917236328,170.1199951171875,218.08494567871094,64.47000122070312,155.9759521484375,57.25,39.282501220703125,90.57826232910156,101.21189880371094,135.11795043945312,154.67311096191406,6.644753932952881
2024-04-18,180.69754028320312,190.5478515625,155.0800018310547,104.91999816894531,870.9470825195312,9.610260009765625,123.1838150024414,17.989999771118164,125.9123764038086,34.67826843261719,63.21927261352539,87.21994018554688,78.9097671508789,610.002197265625,64.8335952758789,95.16000366210938,111.13324737548828,84.52471923828125,170.0,210.8096923828125,62.93000030517578,153.24217224121094,56.459999084472656,38.581207275390625,89.79637908935547,99.35762786865234,128.5481719970703,152.7781982421875,6.592226028442383
2024-04-19,176.63235473632812,186.086181640625,146.63999938964844,87.19000244140625,842.0567626953125,9.33170223236084,117.87287139892578,16.920000076293945,121.06769561767578,33.84694290161133,61.64326477050781,85.38807678222656,76.53900909423828,581.6907958984375,61.74298095703125,92.80999755859375,106.0099868774414,76.068359375,159.9199981689453,206.744384765625,60.709999084472656,149.62564086914062,54.68000030517578,37.59743881225586,88.40739440917969,95.16319274902344,124.10674285888672,149.0537109375,6.478416442871094
2024-04-22,179.47412109375,185.78221130371094,148.63999938964844,93.11000061035156,854.3123779296875,9.452410697937012,119.80526733398438,17.31999969482422,122.89064025878906,34.054771423339844,62.1810302734375,85.1741714477539,78.27255249023438,590.6493530273438,62.488304138183594,95.58000183105469,108.34326171875,79.38063049316406,162.77999877929688,210.1465301513672,60.650001525878906,152.04615783691406,54.72999954223633,38.23055648803711,90.24711608886719,96.93812561035156,126.09906005859375,152.5541534423828,6.548452854156494
2024-04-23,182.96128845214844,189.48880004882812,152.27000427246094,96.04000091552734,883.2319946289062,9.582404136657715,122.22494506835938,17.59000015258789,125.00090789794922,33.92611312866211,63.610843658447266,87.07276916503906,80.76515197753906,601.2108154296875,63.46220779418945,98.80000305175781,111.65948486328125,82.28060913085938,168.17999267578125,216.82594299316406,61.68000030517578,153.15675354003906,56.439998626708984,38.94159698486328,91.34174346923828,99.01055908203125,129.67550659179688,154.4584197998047,6.653508186340332
2024-04-24,189.29025268554688,192.2540740966797,151.74000549316406,99.87999725341797,874.1701049804688,9.628830909729004,122.97149658203125,17.780000686645508,126.65543365478516,34.14384078979492,64.42829132080078,86.82453918457031,84.97254180908203,631.5383911132812,64.446044921875,100.72000122070312,110.98432922363281,79.53936004638672,166.57000732421875,225.88877868652344,65.52999877929688,155.32098388671875,56.52000045776367,41.045501708984375,93.01588439941406,99.8534164428711,129.2284698486328,163.17686462402344,6.741054058074951
2024-04-25,190.6774139404297,193.66610717773438,153.75999450683594,97.93000030517578,884.15283203125,9.424553871154785,126.65039825439453,18.170000076293945,127.34893035888672,34.74754333496094,66.03866577148438,88.45135498046875,86.40624237060547,649.3671264648438,67.05965423583984,100.58000183105469,110.7857437133789,82.48926544189453,170.9199981689453,228.81044006347656,66.37999725341797,155.0077362060547,58.119998931884766,41.4935417175293,94.69921112060547,107.99440002441406,132.73690795898438,163.5875701904297,6.793582916259766
2024-04-26,194.5595703125,199.43199157714844,157.39999389648438,101.94999694824219,902.1502685546875,9.378129005432129,131.50830078125,18.559999465942383,131.371337890625,31.55088996887207,69.30746459960938,90.79639434814453,87.70877075195312,665.9764404296875,69.18632507324219,101.70999908447266,114.02255249023438,87.58344268798828,174.33999633789062,233.25054931640625,68.05999755859375,157.24789428710938,59.22999954223633,40.25654220581055,95.94102478027344,113.1705093383789,134.4084930419922,165.66915893554688,6.819846153259277
2024-04-29,196.4187469482422,201.27548217773438,160.1999969482422,103.23999786376953,893.1187133789062,9.591689109802246,130.97508239746094,18.459999084472656,134.7992401123047,31.036256790161133,70.06015014648438,91.13392639160156,87.315185546875,668.4053955078125,68.32173156738281,104.0,113.54595947265625,87.60540771484375,174.08999633789062,237.50808715820312,70.81999969482422,160.60812377929688,60.47999954223633,40.11042785644531,99.2157211303711,117.29553985595703,134.6028594970703,167.35873413085938,6.819846153259277
2024-04-30,193.2494659423828,194.7937774658203,158.3800048828125,101.20999908447266,856.5014038085938,9.322416305541992,127.22279357910156,17.8700008392334,131.7852325439453,30.155445098876953,67.64214324951172,87.75862884521484,86.19073486328125,658.2077026367188,65.49942779541016,101.94999694824219,112.15592193603516,86.25273895263672,169.89999389648438,246.21533203125,70.16000366210938,157.42823791503906,54.81999969482422,38.532508850097656,98.0474853515625,115.34211730957031,133.4755096435547,164.67971801757812,6.741054058074951
2024-05-01,186.7760009765625,190.22427368164062,144.27000427246094,95.29000091552734,837.2306518554688,9.20170783996582,121.60560607910156,17.25,122.25725555419922,30.05647850036621,65.36053466796875,85.17710876464844,83.20149993896484,641.7459716796875,63.422454833984375,99.12000274658203,108.91913604736328,82.89754486083984,167.33999633789062,239.71852111816406,69.01000213623047,155.77659606933594,52.75,37.733802795410156,83.06304168701172,112.7837905883789,131.14303588867188,163.54090881347656,6.609735488891602
2024-05-02,189.28062438964844,194.0681610107422,146.16000366210938,98.0,854.3515625,9.433839797973633,121.18584442138672,17.299999237060547,125.51918029785156,30.195032119750977,66.93165588378906,86.70581817626953,83.829345703125,701.0438842773438,66.25469970703125,98.9800033569336,111.53041076660156,85.66874694824219,174.22000122070312,244.36048889160156,70.01000213623047,170.9546661376953,54.25,38.16238021850586,82.5295181274414,116.4030990600586,132.396728515625,164.1009979248047,6.863619327545166
2024-05-03,192.30540466308594,200.128173828125,150.60000610351562,101.69999694824219,885.127685546875,9.777395248413086,125.05457305908203,17.18000030517578,130.67478942871094,30.58100700378418,68.35851287841797,89.1440658569336,85.6097412109375,695.468017578125,68.08323669433594,102.8499984741211,113.88353729248047,88.63561248779297,178.2899932861328,247.81069946289062,70.37000274658203,170.51797485351562,56.08000183105469,39.029258728027344,85.09591674804688,119.42747497558594,137.57675170898438,167.00404357910156,7.135012149810791
2024-05-06,195.86001586914062,204.80555725097656,155.77999877929688,106.9800033569336,900.1378784179688,9.740253448486328,128.2051544189453,17.25,132.75686645507812,30.774776458740234,70.49683380126953,90.71495819091797,87.85868072509766,720.8688354492188,69.38507080078125,103.51000213623047,119.27488708496094,91.98081970214844,182.10000610351562,249.52139282226562,69.66999816894531,172.6157989501953,56.95000076293945,39.263031005859375,84.4244155883789,120.92476654052734,138.81105041503906,169.580322265625,7.108748912811279
2024-05-07,196.1008758544922,203.29550170898438,154.42999267578125,107.80000305175781,891.5971069335938,9.647400856018066,127.50066375732422,17.209999084472656,131.56707763671875,30.486604690551758,70.10428619384766,89.77006530761719,86.26567077636719,690.5512084960938,68.25218200683594,103.0,118.36143493652344,90.39756774902344,183.52999877929688,248.5795440673828,70.79000091552734,171.00209045410156,56.34000015258789,39.63315200805664,85.14190673828125,120.07199096679688,137.139404296875,171.74276733398438,6.9599199295043945
2024-05-08,197.34352111816406,203.334716796875,153.6199951171875,106.06999969482422,894.7875366210938,9.693826675415039,129.67861938476562,17.309999465942383,128.90005493164062,29.81089210510254,70.37611389160156,89.6101303100586,86.20008850097656,701.5159301757812,67.68572998046875,101.43000030517578,118.47064208984375,90.25581359863281,181.1199951171875,250.0788116455078,70.66999816894531,171.38180541992188,55.970001220703125,39.311729431152344,85.76741027832031,119.41754913330078,139.55935668945312,172.94619750976562,7.003693103790283
2024-05-09,197.27609252929688,202.32473754882812,152.38999938964844,103.58999633789062,896.8197631835938,9.526692390441895,127.7511215209961,17.34000015258789,128.2754669189453,29.90032386779785,69.74024200439453,89.04692077636719,85.72218322753906,696.2548217773438,67.2583999633789,101.38999938964844,116.97139739990234,88.59368133544922,193.13999938964844,250.64584350585938,71.26000213623047,171.37228393554688,55.91999816894531,39.27275848388672,84.85675811767578,121.57921600341797,138.7721405029297,174.2342529296875,6.951165676116943
2024-05-10,199.58802795410156,205.65869140625,151.9199981689453,108.83999633789062,913.2630615234375,9.768111228942871,130.4056396484375,17.68000030517578,130.42694091796875,29.66183853149414,70.48603057861328,89.82009887695312,85.74092864990234,690.8659057617188,68.04348754882812,101.94000244140625,120.37699127197266,89.72272491455078,193.5,251.53964233398438,70.45999908447266,172.83409118652344,56.70000076293945,39.45783233642578,84.81076049804688,121.88661193847656,145.06011962890625,175.8607635498047,7.056221008300781
2024-05-13,200.73435974121094,202.61888122558594,150.55999755859375,117.2300033569336,900.4519653320312,9.563833236694336,130.86648559570312,17.760000228881836,127.69047546386719,30.317676544189453,70.08174133300781,88.67899322509766,86.71546173095703,691.3673095703125,68.59004974365234,102.61000061035156,122.12445831298828,90.24283599853516,193.5,253.6539764404297,72.33000183105469,174.85592651367188,56.939998626708984,39.46757125854492,86.37452697753906,123.80038452148438,142.29029846191406,176.58468627929688,7.082485198974609
2024-05-14,204.1637420654297,205.7469482421875,153.16000366210938,116.6500015258789,898.2825317382812,9.740253448486328,135.02676391601562,17.84000015258789,129.1082763671875,30.854272842407227,71.7750244140625,89.53752136230469,87.95238494873047,701.8502807617188,67.59628295898438,102.87999725341797,123.92158508300781,91.19818878173828,200.0,257.23870849609375,72.98999786376953,179.3742218017578,58.099998474121094,40.75328826904297,86.85282135009766,126.04137420654297,147.6743927001953,179.69667053222656,7.196295261383057
2024-05-15,207.83395385742188,213.26809692382812,159.6699981689453,113.66999816894531,920.2625122070312,9.96310043334961,140.5196990966797,18.90999984741211,132.8163604736328,31.072887420654297,74.705322265625,92.99229431152344,89.35797119140625,729.021240234375,69.7130355834961,103.37000274658203,126.90021514892578,94.46653747558594,202.14999389648438,261.4097900390625,74.73999786376953,184.72784423828125,59.52000045776367,41.73705291748047,86.82524108886719,130.8406982421875,151.2022705078125,183.83346557617188,7.1700310707092285
2024-05-16,206.2637481689453,209.87522888183594,162.6199951171875,114.2699966430664,902.7098388671875,9.74953842163086,138.1675567626953,19.100000381469727,129.455322265625,31.828094482421875,73.69839477539062,92.51641845703125,88.30846405029297,716.0011596679688,72.62477111816406,101.5999984741211,126.97965240478516,94.19599151611328,194.52000427246094,259.1128234863281,73.0,183.4558868408203,57.939998626708984,40.8409423828125,86.5492935180664,130.38458251953125,147.946533203125,183.30699157714844,7.064975261688232
2024-05-17,206.2252197265625,207.9630889892578,164.47000122070312,110.3499984741211,908.04052734375,9.768111228942871,136.5198974609375,18.889999389648438,128.39443969726562,31.629356384277344,73.52140045166016,89.49140167236328,88.3927993774414,717.9187622070312,71.47200012207031,100.8499984741211,124.39814758300781,92.3192367553711,196.22999572753906,257.2964172363281,73.16999816894531,184.0159149169922,57.970001220703125,40.5584831237793,86.11695861816406,130.80104064941406,147.4119873046875,183.35398864746094,7.161276817321777
2024-05-20,209.5004425048828,215.6802978515625,166.3300018310547,110.45999908447266,922.24560546875,10.07452392578125,138.35345458984375,19.09000015258789,131.72572326660156,31.897653579711914,75.99152374267578,92.43203735351562,90.38874053955078,743.3194580078125,74.00611114501953,102.37999725341797,128.08175659179688,94.61626434326172,203.41000366210938,262.9186706542969,74.27999877929688,187.71788024902344,59.45000076293945,40.94809341430664,87.14547729492188,138.33714294433594,149.22940063476562,187.283935546875,7.3626322746276855
2024-05-21,208.69126892089844,215.533203125,164.66000366210938,114.7699966430664,908.3349609375,10.083807945251465,136.90243530273438,19.25,129.4751434326172,31.5399227142334,75.23829650878906,94.58672332763672,90.174072265625,744.1652221679688,72.84339141845703,102.36000061035156,126.59242248535156,95.22122192382812,204.08999633789062,263.73553466796875,72.81999969482422,190.65098571777344,58.81999969482422,39.89614486694336,85.66292572021484,139.21051025390625,149.34600830078125,187.10531616210938,7.4414238929748535
2024-05-22,231.34835815429688,214.3052520751953,165.52000427246094,112.43000030517578,905.4488525390625,10.15809154510498,136.22142028808594,19.479999542236328,129.8915252685547,31.221940994262695,75.88433837890625,94.76040649414062,93.66694641113281,747.9807739257812,73.22103118896484,101.16000366210938,125.381103515625,94.78597259521484,207.8800048828125,267.9738464355469,76.29000091552734,192.6253204345703,59.29999923706055,41.172119140625,86.57098388671875,141.7809295654297,151.75621032714844,190.42413330078125,7.5727434158325195
2024-05-23,225.9537811279297,214.10877990722656,160.42999267578125,112.52999877929688,917.1506958007812,10.204517364501953,136.32415771484375,19.100000381469727,127.2542495727539,29.8903865814209,75.23436737060547,94.01075744628906,92.39595794677734,733.9872436523438,74.55268096923828,101.43000030517578,125.37118530273438,103.61968994140625,210.77000427246094,262.1017150878906,71.6500015258789,191.51475524902344,55.150001525878906,40.6169319152832,84.51396179199219,139.19064331054688,152.6697540283203,185.48818969726562,7.5027055740356445
2024-05-24,223.97898864746094,216.99700927734375,166.36000061035156,114.63999938964844,938.7184448242188,10.353081703186035,137.74777221679688,19.969999313354492,131.16058349609375,30.526351928710938,76.60707092285156,95.23136138916016,92.4806900024414,740.861083984375,76.20236206054688,102.33000183105469,128.5682373046875,106.28507232666016,213.61000061035156,266.3785400390625,72.55999755859375,199.67803955078125,55.70000076293945,40.8019905090332,85.39421081542969,142.9222412109375,155.49790954589844,187.26513671875,7.493951797485352
2024-05-28,224.8748779296875,217.41940307617188,171.61000061035156,124.94000244140625,973.6964721679688,10.557357788085938,138.19882202148438,20.729999542236328,130.28811645507812,30.86421012878418,77.30327606201172,95.299072265625,93.03616333007812,746.9580688476562,77.84207153320312,104.52999877929688,131.7256317138672,113.7042236328125,219.11000061035156,268.7427062988281,73.6500015258789,202.25991821289062,56.38999938964844,40.79225158691406,84.6436767578125,144.13304138183594,154.9245147705078,187.6600341796875,7.765345096588135
2024-05-29,219.7790069580078,215.1894073486328,165.13999938964844,120.6500015258789,940.34814453125,10.315939903259277,136.06781005859375,20.219999313354492,127.81937408447266,29.94007110595703,75.94824981689453,93.5309829711914,89.96695709228516,733.9970092773438,75.30794525146484,101.97000122070312,130.6433868408203,114.62664031982422,215.99000549316406,263.1684875488281,71.01000213623047,197.68467712402344,55.040000915527344,39.25328826904297,83.41133117675781,140.7984161376953,149.9971466064453,183.25059509277344,7.51146125793457
2024-05-30,221.5611114501953,212.72360229492188,166.75,120.7300033569336,948.4373779296875,10.325226783752441,133.4661407470703,25.690000534057617,129.02894592285156,29.99969482421875,75.72897338867188,93.28173828125,90.69190216064453,731.5386352539062,76.37128448486328,101.2300033569336,125.39102935791016,110.3091049194336,211.63999938964844,260.8619689941406,72.11000061035156,195.1970672607422,55.20000076293945,39.88640213012695,84.02286529541016,140.2029571533203,148.65599060058594,183.97450256347656,7.59025239944458
2024-05-31,225.88638305664062,211.28936767578125,166.89999389648438,120.5199966430664,942.7728881835938,10.009527206420898,129.9897918701172,26.06999969482422,125.27131652832031,30.655534744262695,74.6866455078125,91.4900894165039,91.5392074584961,723.4060668945312,68.38136291503906,101.13999938964844,124.1102294921875,109.44361877441406,208.64999389648438,261.505859375,73.04000091552734,194.48223876953125,55.2599983215332,40.87991714477539,85.8575210571289,139.87542724609375,146.7899932861328,183.3446044921875,7.4414238929748535
2024-06-03,223.69004821777344,210.4346923828125,163.5500030517578,127.12000274658203,947.8090209960938,10.2138032913208,129.33914184570312,25.190000534057617,125.01353454589844,30.099063873291016,74.15762329101562,91.8031005859375,90.0234603881836,719.6297607421875,67.78510284423828,101.93000030517578,127.25765228271484,114.80133819580078,213.11000061035156,259.42999267578125,73.19000244140625,196.25503540039062,55.58000183105469,40.87991714477539,84.68074035644531,139.954833984375,150.58998107910156,182.1317596435547,7.4414238929748535
2024-06-04,223.0517120361328,208.47975158691406,159.99000549316406,125.86000061035156,933.4075317382812,9.96310043334961,130.2119140625,24.68000030517578,125.31096649169922,29.8407039642334,73.80460357666016,90.53736114501953,88.4982681274414,714.4866943359375,65.96649932861328,99.58999633789062,125.7385482788086,116.2358627319336,207.58999633789062,255.9316864013672,71.5199966430664,194.78724670410156,54.029998779296875,41.82471466064453,84.02286529541016,138.5653839111328,148.17977905273438,181.73690795898438,7.20504903793335
2024-06-05,227.93576049804688,219.43324279785156,166.1699981689453,136.6699981689453,1022.280517578125,10.15809154510498,138.261474609375,26.5,131.1705322265625,30.585975646972656,77.188232421875,95.34420776367188,88.78071594238281,745.0206909179688,69.3652114868164,102.44000244140625,132.7582244873047,122.22847747802734,218.52000427246094,264.96575927734375,74.54000091552734,201.9641571044922,56.970001220703125,43.21757125854492,85.50541687011719,144.2918243408203,158.33575439453125,184.35060119628906,7.3626322746276855
2024-06-06,229.60891723632812,217.84181213378906,166.77999877929688,137.125,1033.34423828125,10.065238952636719,137.10494995117188,25.84000015258789,129.7130889892578,30.22824478149414,76.62675476074219,94.40913391113281,87.8957290649414,746.0042724609375,67.67578125,102.87000274658203,129.14413452148438,120.78897857666016,219.8000030517578,261.4194030761719,72.44999694824219,199.61947631835938,56.310001373291016,43.88965606689453,84.98652648925781,142.1481475830078,157.50967407226562,184.50103759765625,7.345123291015625
2024-06-07,227.05567932128906,217.82215881347656,167.8699951171875,136.57000732421875,1009.59716796875,9.97238540649414,137.63037109375,27.149999618530273,128.969482421875,30.546226501464844,75.61491394042969,94.46114349365234,87.41556549072266,739.1499633789062,67.56648254394531,101.4000015258789,130.00794982910156,120.67916870117188,219.5,261.3040771484375,72.30999755859375,196.93173217773438,55.56999969482422,43.33446502685547,84.1433334350586,139.8357391357422,159.7643585205078,183.90870666503906,7.345123291015625
2024-06-10,227.6359405517578,224.13882446289062,160.33999633789062,139.91000366210938,1022.643798828125,10.334511756896973,140.94041442871094,28.56999969482422,131.29940795898438,30.71515464782715,78.11355590820312,98.42023468017578,88.78071594238281,766.6256103515625,69.0372543334961,102.20999908447266,133.8603515625,121.57960510253906,225.22999572753906,266.0709228515625,73.5,199.53372192382812,55.900001525878906,43.188358306884766,86.65438079833984,141.999267578125,163.42828369140625,185.79844665527344,7.54647970199585
2024-06-11,228.535400390625,225.91696166992188,158.9600067138672,143.9199981689453,1017.0480346679688,10.315939903259277,142.95208740234375,28.5,130.15921020507812,30.7250919342041,78.48524475097656,98.09447479248047,88.05577850341797,770.9525756835938,69.96147155761719,102.62999725341797,134.1085662841797,120.7110595703125,224.8300018310547,267.10888671875,73.9800033569336,198.74264526367188,56.099998474121094,42.68186569213867,89.15616607666016,143.35891723632812,161.04721069335938,185.62924194335938,7.528970241546631
2024-06-12,230.60507202148438,233.46157836914062,160.24000549316406,155.58999633789062,1049.2969970703125,10.613070487976074,146.32571411132812,29.079999923706055,136.57398986816406,30.56610107421875,81.40080261230469,101.81123352050781,88.98783111572266,802.07666015625,72.90301513671875,105.26000213623047,139.74810791015625,124.99397277832031,234.8800048828125,271.97186279296875,76.22000122070312,205.2904815673828,58.09000015258789,44.064979553222656,95.10485076904297,147.73561096191406,168.11260986328125,187.0771026611328,7.651534080505371
2024-06-13,226.3400115966797,233.36334228515625,159.89999389648438,158.0500030517578,1033.442626953125,10.594498634338379,164.2780303955078,28.940000534057617,136.15757751464844,30.26799201965332,81.61910247802734,101.89659881591797,87.37791442871094,803.4238891601562,72.41606903076172,104.79000091552734,142.12110900878906,129.396728515625,237.30999755859375,265.6966552734375,75.04000091552734,207.59703063964844,56.95000076293945,43.1006965637207,98.52396392822266,146.52484130859375,168.57476806640625,184.53863525390625,7.782854080200195
2024-06-14,223.59329223632812,232.8525390625,159.6300048828125,157.88999938964844,1009.0866088867188,10.483075141906738,169.7621307373047,28.8799991607666,132.75686645507812,30.258056640625,81.10875701904297,101.64933776855469,86.00337219238281,793.1672973632812,72.81358337402344,104.23999786376953,140.353759765625,131.6630096435547,237.97999572753906,259.3116149902344,71.97000122070312,205.2333221435547,56.95000076293945,41.35718536376953,96.70783996582031,143.9643096923828,168.18478393554688,182.3009796142578,7.64277982711792
2024-06-17,224.75389099121094,238.5797576904297,158.39999389648438,160.2899932861328,1033.2069091796875,10.70592212677002,178.94276428222656,28.579999923706055,134.45228576660156,30.784713745117188,83.47266387939453,105.1541519165039,85.69267272949219,813.6412963867188,71.37261199951172,107.05999755859375,146.77772521972656,130.7644805908203,239.08999633789062,261.6360778808594,70.7300033569336,211.80026245117188,56.52000045776367,41.980560302734375,98.49616241455078,143.64674377441406,172.7962188720703,183.24118041992188,7.765345096588135
2024-06-18,227.6456298828125,243.46217346191406,154.6300048828125,174.1300048828125,1041.953857421875,11.086618423461914,176.36460876464844,29.209999084472656,136.5541534423828,30.436920166015625,84.89161682128906,107.10840606689453,87.98046112060547,838.3929443359375,72.68439483642578,107.18000030517578,152.35769653320312,135.35690307617188,241.11000061035156,261.7711181640625,70.7300033569336,216.44187927246094,56.720001220703125,41.96108627319336,98.6444091796875,150.6038055419922,175.18478393554688,184.5104217529297,7.7916083335876465
2024-06-20,221.96849060058594,235.76036071777344,161.77999877929688,160.77000427246094,1031.5087890625,10.90091323852539,169.71517944335938,28.3700008392334,132.19171142578125,30.426984786987305,81.57583618164062,104.32939147949219,83.80973815917969,811.6155395507812,72.78376770019531,105.0,143.16363525390625,130.5648193359375,232.77000427246094,255.2895050048828,67.62999725341797,205.36676025390625,54.56999969482422,39.62342071533203,98.03286743164062,146.8324737548828,170.9828338623047,181.22918701171875,7.800363540649414
2024-06-21,223.45790100097656,231.2610626220703,161.22999572753906,160.3000030517578,1017.6273803710938,10.752348899841309,162.2859344482422,27.489999771118164,132.4098358154297,30.894020080566406,80.2935791015625,103.25199890136719,86.21991729736328,812.4415283203125,71.44218444824219,105.7699966430664,138.54673767089844,126.36173248291016,228.89999389648438,261.4142150878906,68.5199966430664,202.56460571289062,54.5099983215332,39.730560302734375,98.57028198242188,147.32870483398438,169.5984649658203,183.83346557617188,7.747836112976074
2024-06-24,220.95301818847656,225.78921508789062,160.25,151.07000732421875,983.6705322265625,10.575928688049316,156.28182983398438,27.290000915527344,130.18896484375,30.37729835510254,78.07421875,100.70301818847656,83.96038818359375,784.87744140625,67.34784698486328,106.44999694824219,138.02047729492188,117.91563415527344,224.13999938964844,257.78765869140625,67.79000091552734,191.42274475097656,53.41999816894531,39.204586029052734,97.25453186035156,144.43075561523438,163.60264587402344,182.3104248046875,7.712817668914795
2024-06-25,222.77122497558594,230.1411590576172,160.25,160.61000061035156,1004.610107421875,10.6502103805542,155.16091918945312,29.56999969482422,133.39138793945312,30.546226501464844,80.44009399414062,103.5026626586914,83.93214416503906,806.2461547851562,67.83479309082031,106.0999984741211,140.115478515625,125.88250732421875,234.14999389648438,260.3436584472656,67.83999633789062,192.6903839111328,54.279998779296875,39.1460075378418,99.49686431884766,146.45533752441406,168.27255249023438,182.83689880371094,7.712817668914795
2024-06-26,220.3533935546875,228.07815551757812,157.5399932861328,164.72000122070312,997.9933471679688,10.687352180480957,156.26121520996094,29.709999084472656,132.09255981445312,30.347488403320312,79.97399139404297,103.7838134765625,84.77945709228516,802.8829956054688,67.8447265625,108.2300033569336,141.3466339111328,126.19202423095703,230.52000427246094,258.65570068359375,68.16999816894531,188.0773162841797,55.880001068115234,38.8336181640625,98.347900390625,145.7606658935547,167.75582885742188,181.54885864257812,7.677799224853516
2024-06-27,219.2315216064453,228.4318389892578,159.47000122070312,166.93499755859375,1009.1947021484375,10.6502103805542,155.73707580566406,31.290000915527344,133.3319091796875,30.397172927856445,80.12837219238281,103.79068756103516,84.19573974609375,797.2285766601562,68.3018798828125,109.6500015258789,131.28875732421875,123.78597259521484,235.1699981689453,255.60784912109375,67.86000061035156,185.9995574951172,56.61000061035156,38.06241989135742,97.84754943847656,146.45533752441406,167.32687377929688,181.85910034179688,7.625270843505859
2024-06-28,220.7595977783203,231.83082580566406,162.2100067138672,163.6199951171875,1004.0111083984375,10.603784561157227,157.58924865722656,31.940000534057617,134.24403381347656,30.774776458740234,81.07630157470703,104.67738342285156,86.14458465576172,809.27392578125,69.4645767211914,111.47000122070312,130.59373474121094,123.33671569824219,234.52999877929688,259.5430603027344,68.55000305175781,189.84059143066406,58.7599983215332,38.345516204833984,98.75560760498047,147.16990661621094,169.45217895507812,182.89332580566406,7.669044017791748
2024-07-01,217.78076171875,233.22579956054688,157.69000244140625,158.8300018310547,1014.5742797851562,10.520216941833496,161.0511474609375,31.219999313354492,132.39990234375,30.645597457885742,81.39883422851562,104.26254272460938,86.22931671142578,807.0283813476562,70.55772399902344,110.36000061035156,130.5838165283203,124.0954818725586,232.85000610351562,256.2444152832031,69.18000030517578,190.65072631835938,58.0,38.31623458862305,98.58881378173828,146.6538543701172,168.00930786132812,182.95912170410156,7.677799224853516
2024-07-02,220.74026489257812,236.61500549316406,164.30999755859375,163.4600067138672,1028.710693359375,10.531685829162598,162.68836975097656,31.350000381469727,135.44371032714844,30.874147415161133,82.51197052001953,105.46085357666016,86.67179870605469,816.237060546875,71.15397644042969,111.76000213623047,131.64620971679688,122.46815490722656,235.5399932861328,262.38836669921875,72.91999816894531,190.77462768554688,59.93000030517578,39.40958786010742,99.1076889038086,148.4700164794922,171.29478454589844,186.55062866210938,7.671329021453857
2024-07-03,222.4617462158203,239.02183532714844,163.89999389648438,168.24000549316406,1051.80029296875,10.732378959655762,169.7299041748047,31.579999923706055,139.47897338867188,31.033138275146484,83.91024780273438,106.43601989746094,88.10284423828125,826.549072265625,71.75023651123047,111.91999816894531,135.84609985351562,128.0689239501953,238.58999633789062,262.6295471191406,72.68000030517578,194.25347900390625,60.5099983215332,40.141746520996094,96.94876098632812,150.55416870117188,177.91456604003906,187.03952026367188,7.708299160003662
2024-07-05,223.30316162109375,238.31451416015625,171.89999389648438,181.19000244140625,1054.81396484375,10.990415573120117,167.186767578125,31.6299991607666,137.92236328125,31.818159103393555,84.0951156616211,106.93341827392578,86.74713134765625,828.9423828125,71.6310043334961,114.11000061035156,130.6632537841797,125.6229476928711,238.52999877929688,263.835205078125,73.37999725341797,196.10250854492188,61.95000076293945,41.41082000732422,97.81047821044922,150.05792236328125,179.37696838378906,186.89846801757812,7.745269298553467
2024-07-08,225.6726531982422,241.94931030273438,178.69000244140625,184.6999969482422,1057.6707763671875,11.25800895690918,171.3632049560547,31.799999237060547,140.31179809570312,33.77574157714844,85.21021270751953,108.29098510742188,87.80158233642578,838.9588623046875,74.44337463378906,118.0999984741211,129.87322998046875,127.9890365600586,239.88999938964844,267.3846435546875,75.01000213623047,198.1421661376953,64.05000305175781,41.401058197021484,98.57028198242188,153.00550842285156,181.95077514648438,189.41818237304688,8.004060745239258
2024-07-09,224.3863525390625,247.0380401611328,177.10000610351562,182.27999877929688,1040.5694580078125,11.430032730102539,170.13136291503906,31.440000534057617,139.03282165527344,34.3719596862793,86.03129577636719,109.36640930175781,86.93541717529297,833.4237060546875,73.3800277709961,115.81999969482422,130.32040405273438,131.163818359375,244.49000549316406,265.1565856933594,73.4800033569336,197.40826416015625,63.880001068115234,40.522464752197266,98.59809112548828,152.32070922851562,179.89369201660156,188.18653869628906,7.939363479614258
2024-07-10,230.4987030029297,250.47634887695312,183.9600067138672,186.4600067138672,1078.8360595703125,11.659398078918457,171.2483673095703,31.209999084472656,142.54258728027344,34.65019226074219,87.7471923828125,110.8163833618164,90.36238861083984,847.8131713867188,74.4135513305664,115.72000122070312,135.53756713867188,134.68801879882812,242.44000244140625,272.35186767578125,76.58999633789062,199.00953674316406,66.26000213623047,41.5670166015625,102.684326171875,157.9280548095703,186.25994873046875,191.43954467773438,7.930120944976807
2024-07-11,226.05953979492188,237.0079345703125,181.94000244140625,173.19000244140625,1043.053466796875,11.946105003356934,167.4458770751953,30.65999984741211,139.44921875,33.2888298034668,83.87288665771484,104.19470977783203,86.7000503540039,818.4039916992188,71.73037719726562,114.12999725341797,129.4160919189453,127.19037628173828,231.74000549316406,264.8382568359375,74.23999786376953,190.4791717529297,65.22000122070312,40.893428802490234,101.87818908691406,153.63076782226562,179.87417602539062,188.0266876220703,7.6343584060668945
2024-07-12,230.72113037109375,239.11024475097656,181.61000061035156,181.17999267578125,1065.3968505859375,11.37269115447998,166.9276123046875,30.8700008392334,143.216796875,34.27259063720703,84.34194946289062,105.16594696044922,87.18961334228516,842.7506713867188,73.19242858886719,112.80999755859375,132.71534729003906,129.02734375,235.9199981689453,270.2492370605469,76.87000274658203,192.93817138671875,65.98999786376953,41.65486526489258,104.0834732055664,155.149169921875,182.65272521972656,189.79425048828125,7.689813613891602
2024-07-15,229.90872192382812,241.22235107421875,179.8300018310547,177.52999877929688,1044.1627197265625,11.229337692260742,168.25563049316406,33.09000015258789,143.96038818359375,34.242774963378906,84.38126373291016,105.09615325927734,86.7000503540039,857.7606201171875,73.20238494873047,113.6500015258789,130.0520782470703,128.2286376953125,240.25,272.73773193359375,76.37000274658203,198.41856384277344,64.88999938964844,41.12771987915039,107.37284851074219,158.28530883789062,180.57615661621094,189.69081115722656,7.569660663604736
2024-07-16,235.3343963623047,241.5072479248047,177.5500030517578,178.77000427246094,1048.63916015625,11.277122497558594,166.2533416748047,33.83000183105469,145.22946166992188,34.12353515625,85.27216339111328,105.77247619628906,89.26085662841797,876.0501708984375,75.19157409667969,117.30000305175781,126.6932144165039,126.15206909179688,241.7100067138672,280.4635314941406,78.73999786376953,199.8101043701172,65.27999877929688,41.70368576049805,111.82046508789062,161.768798828125,181.3755645751953,194.26007080078125,7.643601417541504
2024-07-17,227.86807250976562,216.19143676757812,159.42999267578125,161.6999969482422,915.000732421875,10.847063064575195,153.10067749023438,30.450000762939453,132.66761779785156,34.242774963378906,76.8716049194336,95.12532806396484,86.16341400146484,805.038818359375,67.56301879882812,107.63999938964844,118.75313568115234,117.79583740234375,209.8300018310547,266.4876403808594,75.45999908447266,182.6160125732422,59.58000183105469,40.122222900390625,108.0029296875,151.1992645263672,166.9076690673828,192.04122924804688,7.3293538093566895
2024-07-18,231.13699340820312,213.81405639648438,155.77000427246094,158.3300018310547,907.2354736328125,10.808835983276367,157.55685424804688,29.56999969482422,129.26690673828125,34.65019226074219,77.39376068115234,93.64293670654297,86.16341400146484,830.73486328125,67.84149932861328,104.94999694824219,116.71595001220703,120.89075469970703,206.4600067138672,269.3619079589844,75.43000030517578,182.48257446289062,59.72999954223633,40.61032485961914,108.77200317382812,148.390625,167.5608367919922,193.55494689941406,7.3755669593811035
2024-07-19,223.622314453125,206.55430603027344,151.5800018310547,163.39999389648438,878.9823608398438,10.531685829162598,154.44537353515625,29.5,126.23303985595703,32.7721061706543,74.98359680175781,90.1541748046875,83.5743637084961,796.6178588867188,66.15068817138672,104.2699966430664,113.54589080810547,117.7359619140625,203.5800018310547,259.73602294921875,72.52999877929688,177.47872924804688,57.970001220703125,38.98005676269531,105.87178039550781,145.3140411376953,161.61380004882812,187.18994140625,7.227685928344727
2024-07-22,232.15248107910156,219.53150939941406,155.8699951171875,163.5500030517578,924.0323486328125,10.60814094543457,158.08688354492188,29.520000457763672,132.380126953125,33.15964889526367,79.601318359375,96.04741668701172,87.6697769165039,844.4546508789062,68.63717651367188,106.72000122070312,114.55951690673828,123.33671569824219,215.32000732421875,273.7408142089844,77.33000183105469,185.82797241210938,63.27000045776367,41.01057815551758,109.71712493896484,153.2933349609375,165.10403442382812,193.56436157226562,7.264656066894531
2024-07-23,222.75186157226562,215.77882385253906,154.0,171.6999969482422,915.7369384765625,10.617696762084961,160.7468719482422,30.56999969482422,130.2781982421875,32.7422981262207,79.41938781738281,94.33989715576172,84.45935821533203,833.6305541992188,68.02051544189453,106.5,113.53596496582031,122.3882827758789,216.97999572753906,252.9939422607422,73.38999938964844,184.28395080566406,63.189998626708984,39.30220413208008,108.87393188476562,151.119873046875,165.562255859375,186.4283905029297,7.1722307205200195
2024-07-24,217.2392120361328,202.89004516601562,144.6300048828125,157.67999267578125,856.7763061523438,10.13029670715332,148.54629516601562,29.350000381469727,123.65523529052734,31.50017547607422,74.31690979003906,89.44247436523438,81.50313568115234,775.9842529296875,64.00234985351562,101.58999633789062,109.59076690673828,114.06200408935547,205.6699981689453,245.37425231933594,70.11000061035156,172.5797576904297,59.40999984741211,38.599334716796875,105.30656433105469,142.45578002929688,155.79345703125,186.4189910888672,6.922680854797363
2024-07-25,213.6607666015625,198.7542724609375,138.32000732421875,149.13999938964844,846.841552734375,9.900931358337402,146.5047149658203,28.510000228881836,122.57453918457031,30.90395736694336,75.0091781616211,86.91117858886719,80.05326843261719,777.9736938476562,63.6442985534668,97.77999877929688,106.77845001220703,112.0952377319336,197.17999267578125,238.72869873046875,67.54000091552734,167.16607666015625,56.79999923706055,32.673744201660156,104.40777587890625,123.40081787109375,156.2614288330078,185.3565673828125,6.867225646972656
2024-07-26,218.98971557617188,202.83111572265625,139.99000549316406,149.0,872.1300048828125,9.881817817687988,148.8309783935547,28.579999923706055,125.6381607055664,31.152381896972656,77.42620086669922,87.94532775878906,81.74791717529297,809.3724365234375,65.36495208740234,100.16000366210938,108.72620391845703,112.87395477294922,198.60000610351562,244.62193298339844,70.16999816894531,171.60757446289062,59.0,33.181373596191406,107.65082550048828,125.50480651855469,157.87979125976562,189.9070587158203,7.116774559020996
2024-07-29,219.92782592773438,201.94700622558594,139.75,141.44000244140625,856.2000122070312,9.518655776977539,147.4469757080078,27.3799991607666,126.68911743164062,30.63566017150879,76.55595397949219,87.7192153930664,82.81178283691406,814.7697143554688,64.13164520263672,99.54000091552734,107.17595672607422,111.4063720703125,201.3800048828125,246.73422241210938,78.2699966430664,170.26368713378906,55.83000183105469,32.81040954589844,108.79053497314453,126.96369934082031,155.99818420410156,189.80364990234375,6.9781365394592285
2024-07-30,217.2005157470703,193.2725830078125,138.44000244140625,132.9600067138672,846.0599365234375,9.25106430053711,140.8706817626953,25.959999084472656,121.39470672607422,29.94007110595703,74.62371063232422,84.03485107421875,81.47489166259766,770.0452270507812,62.460723876953125,95.9800033569336,101.91901397705078,103.55931854248047,197.6199951171875,242.750732421875,73.97000122070312,159.11228942871094,48.58000183105469,31.81467628479004,109.04997253417969,120.42346954345703,150.66534423828125,188.9668731689453,6.867225646972656
2024-07-31,223.77708435058594,208.4601287841797,144.47999572753906,144.1699981689453,921.2596435546875,9.575997352600098,157.71389770507812,27.75,117.37599182128906,30.546226501464844,80.93470764160156,90.56016540527344,83.58377838134766,850.0587158203125,66.61814880371094,100.91999816894531,109.1336441040039,116.82743072509766,206.47000122070312,253.82342529296875,78.25,172.46536254882812,51.439998626708984,32.95683670043945,105.27877044677734,130.16932678222656,161.64303588867188,192.86563110351562,7.736026763916016
2024-08-01,211.72647094726562,192.84036254882812,132.5399932861328,121.51000213623047,869.14306640625,9.098153114318848,144.30609130859375,26.559999465942383,109.03096771240234,28.866878509521484,74.3532943725586,81.62347412109375,79.4319076538086,773.0985107421875,62.719322204589844,99.6500015258789,100.87557983398438,109.0302963256836,189.22999572753906,234.97669982910156,71.9000015258789,156.31016540527344,44.880001068115234,30.652984619140625,100.08061218261719,120.8204574584961,154.2140655517578,182.94837951660156,7.467992305755615
2024-08-02,201.12660217285156,178.60572814941406,132.5,113.44999694824219,796.0088500976562,8.534296989440918,141.16513061523438,25.329999923706055,101.35076141357422,21.3445987701416,68.45629119873047,75.00479125976562,71.0151596069336,783.7452392578125,58.92989730834961,97.12999725341797,92.12065124511719,107.09347534179688,172.8699951171875,229.31497192382812,67.94999694824219,151.8400421142578,42.099998474121094,29.50105857849121,97.01361083984375,116.38421630859375,146.10267639160156,177.3936309814453,7.283141136169434
2024-08-05,193.96978759765625,178.68431091308594,134.82000732421875,110.44999694824219,806.8274536132812,8.21891975402832,139.4572296142578,24.600000381469727,101.09278106689453,19.983234405517578,69.17509460449219,75.73123931884766,69.53704833984375,758.8075561523438,57.358436584472656,96.05000305175781,89.85488891601562,100.28471374511719,176.2100067138672,227.0579833984375,68.97000122070312,150.5438232421875,41.31999969482422,28.690805435180664,92.38067626953125,115.5108642578125,144.24057006835938,171.4603271484375,7.25541353225708
2024-08-06,198.14785766601562,180.07931518554688,130.17999267578125,113.38999938964844,829.1139526367188,8.371829986572266,141.2633056640625,25.100000381469727,101.38053894042969,19.704999923706055,70.4278564453125,75.70960998535156,70.29964447021484,778.2297973632812,57.90547180175781,97.19000244140625,88.44377136230469,104.07845306396484,182.49000549316406,228.36007690429688,68.51000213623047,151.27772521972656,41.29999923706055,28.25151252746582,91.94519805908203,117.42630004882812,151.4940185546875,176.91098022460938,7.394052028656006
2024-08-07,194.69512939453125,175.3638916015625,128.6699981689453,107.08999633789062,822.563720703125,8.457842826843262,133.75450134277344,24.850000381469727,97.33206939697266,18.989999771118164,68.60869598388672,73.53515625,67.78591918945312,745.60986328125,55.84665298461914,95.93000030517578,86.25751495361328,98.74724578857422,180.9600067138672,221.15512084960938,66.38999938964844,148.79962158203125,40.310001373291016,27.568164825439453,89.34148406982422,113.38703155517578,151.15280151367188,174.1856689453125,7.347838878631592
2024-08-08,206.61997985839844,187.19171142578125,136.32000732421875,118.43000030517578,862.1995239257812,8.80189037322998,143.04969787597656,26.8700008392334,105.66716766357422,20.489999771118164,73.97470092773438,78.55645751953125,72.7568588256836,830.7842407226562,60.829586029052734,100.87999725341797,91.49456787109375,104.79727172851562,216.22000122070312,236.53924560546875,72.2300033569336,157.21560668945312,43.380001068115234,28.720090866088867,95.23458099365234,121.95184326171875,160.4243621826172,182.9199981689453,7.8376946449279785
2024-08-09,204.36654663085938,187.81057739257812,134.27000427246094,117.0,846.3648071289062,8.89745807647705,145.523193359375,27.469999313354492,103.12693786621094,19.709999084472656,73.43289184570312,79.41856384277344,71.63652038574219,810.573974609375,60.232826232910156,101.41000366210938,92.4982681274414,104.57763671875,225.44000244140625,233.43350219726562,71.30000305175781,156.76763916015625,42.84000015258789,28.632232666015625,94.53961944580078,120.80060577392578,162.92994689941406,181.88853454589844,7.800724506378174
2024-08-12,205.1112518310547,189.6869354248047,136.77000427246094,117.12999725341797,838.8016357421875,9.002584457397461,145.8765411376953,27.600000381469727,103.84137725830078,19.360000610351562,74.49095916748047,79.71247863769531,71.94719696044922,811.5095825195312,60.18309783935547,101.56999969482422,94.04851531982422,108.84061431884766,223.63999938964844,231.63946533203125,70.37000274658203,155.252197265625,42.83000183105469,28.632232666015625,94.94732666015625,121.39608001708984,163.42715454101562,181.74659729003906,7.865423202514648
2024-08-13,210.8463897705078,197.2610626220703,141.1300048828125,123.79000091552734,855.1574096679688,9.308404922485352,153.27731323242188,28.670000076293945,107.82039642333984,20.469999313354492,78.05945587158203,82.64877319335938,74.50799560546875,854.7073974609375,63.70397186279297,102.94000244140625,96.83102416992188,115.94889068603516,229.02999877929688,239.21095275878906,72.91000366210938,161.52366638183594,43.95000076293945,29.27652931213379,98.86678314208984,126.12012481689453,168.01907348632812,186.6578826904297,8.068758964538574
2024-08-14,208.24476623535156,198.07643127441406,140.75,125.91999816894531,865.0811767578125,9.36574649810791,154.77911376953125,28.729999542236328,106.85790252685547,19.920000076293945,78.06536865234375,83.09800720214844,73.52886962890625,849.5958251953125,63.44538497924805,102.66000366210938,99.78245544433594,117.88571166992188,226.72000122070312,234.99603271484375,71.08000183105469,159.3124542236328,43.560001373291016,28.90557098388672,97.18040466308594,124.303955078125,165.70849609375,185.10597229003906,8.059516906738281
2024-08-15,216.32041931152344,208.0966339111328,147.36000061035156,130.44000244140625,912.9488525390625,9.56644058227539,163.06329345703125,30.34000015258789,112.4741439819336,20.690000534057617,82.37528991699219,87.49903106689453,76.54158782958984,906.7889404296875,68.95545196533203,106.0,106.28157806396484,122.65784454345703,236.41000366210938,244.2650604248047,75.87999725341797,165.2122039794922,46.66999816894531,29.989166259765625,100.7848129272461,130.73500061035156,169.5984649658203,191.08657836914062,8.105730056762695
2024-08-16,215.85618591308594,204.2359161376953,148.55999755859375,130.3000030517578,903.5169677734375,9.509099006652832,162.66087341308594,30.420000076293945,111.9383316040039,20.8700008392334,80.7380142211914,85.63521575927734,76.11793518066406,900.8500366210938,68.94550323486328,106.30999755859375,107.31507873535156,124.375,232.92999267578125,245.41285705566406,75.83999633789062,164.10658264160156,46.31999969482422,29.91106605529785,99.44126892089844,132.11448669433594,170.1638946533203,189.7617645263672,8.041030883789062
2024-08-19,218.52549743652344,207.2223358154297,155.27999877929688,132.30999755859375,917.7681274414062,9.662009239196777,164.61415100097656,31.790000915527344,113.70457458496094,21.520000457763672,80.82469940185547,86.63201141357422,77.22886657714844,903.361572265625,70.65620422363281,106.20999908447266,107.9510726928711,129.7860870361328,234.0399932861328,249.07798767089844,77.72000122070312,166.08905029296875,46.970001220703125,30.57489013671875,100.11768341064453,132.96798706054688,171.0510711669922,189.88478088378906,8.21664047241211
2024-08-20,216.1463165283203,202.52659606933594,156.39999389648438,129.9499969482422,910.9131469726562,9.499542236328125,162.8866424560547,32.0,111.22388458251953,20.989999771118164,79.94991302490234,84.82125854492188,75.58128356933594,891.0306396484375,69.03502655029297,105.58000183105469,107.31507873535156,127.04061889648438,230.67999267578125,245.0077362060547,75.81999969482422,164.03985595703125,46.2599983215332,30.145357131958008,99.0638198852539,130.73500061035156,167.7265625,191.66383361816406,8.105730056762695
2024-08-21,220.0245361328125,205.43441772460938,157.80999755859375,131.1999969482422,928.0556640625,9.595110893249512,162.71975708007812,36.08000183105469,114.46863555908203,21.40999984741211,81.48374938964844,85.85050201416016,77.96321868896484,932.8592529296875,70.95459747314453,106.62999725341797,107.65296173095703,128.28855895996094,230.1300048828125,245.2874298095703,76.68000030517578,166.0509490966797,47.630001068115234,30.7506046295166,100.6026611328125,134.38720703125,167.14163208007812,197.1807861328125,8.21664047241211
2024-08-22,214.6182098388672,197.0485382080078,151.6999969482422,129.72000122070312,892.74755859375,9.117266654968262,159.34327697753906,35.220001220703125,111.1445083618164,20.100000381469727,78.664306640625,82.15333557128906,75.52462005615234,894.8126220703125,68.2890625,104.5,103.60839080810547,123.53639221191406,223.35000610351562,236.6549835205078,73.37000274658203,161.07569885253906,45.54999923706055,29.862258911132812,98.09387969970703,130.20901489257812,162.26698303222656,192.82777404785156,7.994818687438965
2024-08-23,220.8852996826172,199.47962951660156,154.97999572753906,135.6300048828125,892.304931640625,9.470870971679688,163.2890625,36.45000076293945,115.42120361328125,20.540000915527344,80.56758117675781,83.29856872558594,77.42740631103516,922.1535034179688,71.4518814086914,107.0,102.20721435546875,129.15711975097656,223.00999450683594,243.66705322265625,76.36000061035156,165.36471557617188,46.650001525878906,30.877511978149414,101.85237884521484,134.9132080078125,166.98562622070312,198.6096649169922,8.13345718383789
2024-08-26,218.19664001464844,193.14100646972656,149.99000549316406,128.89999389648438,868.7496948242188,9.203279495239258,156.6734619140625,35.209999084472656,111.6604995727539,20.1299991607666,78.70864868164062,80.50086975097656,76.01687622070312,898.4764404296875,68.44821166992188,104.36000061035156,98.29182434082031,126.25190734863281,218.61000061035156,240.9760284423828,74.81999969482422,161.542724609375,44.869998931884766,30.301551818847656,100.20162963867188,131.9954071044922,164.83106994628906,197.0672149658203,7.948606014251709
2024-08-27,224.22195434570312,192.68826293945312,150.5,131.1999969482422,875.2113647460938,9.356188774108887,158.41079711914062,35.380001068115234,114.64723205566406,20.06999969482422,80.0700912475586,80.6512680053711,76.62273406982422,931.18505859375,69.33338928222656,104.52999877929688,97.24838256835938,128.08889770507812,224.9499969482422,243.76348876953125,76.05999755859375,165.77450561523438,45.06999969482422,30.740848541259766,100.444091796875,133.96044921875,166.27394104003906,199.37619018554688,7.967091083526611
2024-08-28,219.70541381835938,189.8535919189453,146.36000061035156,125.31999969482422,873.490234375,9.289290428161621,155.2600555419922,34.099998474121094,111.96808624267578,19.610000610351562,79.23075866699219,79.14429473876953,75.16488647460938,915.26904296875,68.07026672363281,105.4800033569336,94.26714324951172,125.40331268310547,219.88999938964844,238.14999389648438,74.62999725341797,163.7920684814453,43.93000030517578,30.27226448059082,99.53945922851562,131.3105926513672,164.95777893066406,196.5845947265625,7.948606014251709
2024-08-29,223.30316162109375,189.94216918945312,145.49000549316406,131.92999267578125,873.0772094726562,9.403973579406738,154.0331268310547,35.20000076293945,111.65057373046875,20.1299991607666,78.39142608642578,78.37852478027344,76.66060638427734,916.5591430664062,69.46268463134766,109.33000183105469,94.97270202636719,117.39649963378906,220.35000610351562,239.9536590576172,76.30000305175781,161.542724609375,43.90999984741211,30.408933639526367,100.444091796875,132.94818115234375,164.90904235839844,199.7547149658203,8.004060745239258
2024-08-30,227.1233673095703,194.15481567382812,148.55999755859375,132.8800048828125,888.9708251953125,9.54732608795166,159.8144073486328,34.90999984741211,114.97468566894531,22.040000915527344,80.7242202758789,80.7072982788086,77.77767181396484,920.5678100585938,75.828125,109.2300033569336,95.63851928710938,119.17357635498047,223.5500030517578,247.2646942138672,77.87000274658203,167.08030700683594,44.720001220703125,31.189905166625977,102.2067642211914,135.6972198486328,167.39511108398438,202.83018493652344,8.105730056762695
2024-09-03,212.35533142089844,180.48345947265625,136.94000244140625,123.73999786376953,831.4547729492188,8.706320762634277,149.96954345703125,31.6299991607666,107.47309112548828,20.100000381469727,73.04022979736328,75.27217102050781,72.32489776611328,825.9679565429688,69.64170837402344,97.97000122070312,88.0263900756836,107.82228088378906,201.66000366210938,227.7620849609375,70.76000213623047,155.5858154296875,40.58000183105469,28.886045455932617,94.9789047241211,123.59931182861328,156.46615600585938,190.99195861816406,7.615873336791992
2024-09-04,215.3555145263672,179.50906372070312,140.8699951171875,120.94999694824219,798.1036987304688,8.811447143554688,151.27499389648438,31.299999237060547,108.29668426513672,19.43000030517578,73.40276336669922,75.14633178710938,72.78877258300781,837.6686401367188,70.48712158203125,100.05999755859375,88.73194885253906,106.03522491455078,207.3699951171875,230.38560485839844,70.52999877929688,157.57778930664062,40.65999984741211,29.0715274810791,95.61309814453125,125.80254364013672,156.8366241455078,193.04544067382812,7.699056148529053
2024-09-05,212.6951141357422,177.40272521972656,139.44000244140625,123.08999633789062,782.4855346679688,8.830559730529785,149.99900817871094,26.649999618530273,109.3187255859375,19.399999618530273,71.7231216430664,74.30880737304688,72.6562271118164,828.7848510742188,69.5124282836914,99.05999755859375,88.8313217163086,107.0335922241211,199.8300018310547,228.3022003173828,70.25,156.83050537109375,39.9900016784668,28.798189163208008,94.55921173095703,125.26610565185547,159.59568786621094,190.7270050048828,7.819210052490234
2024-09-06,207.4326171875,171.9991455078125,134.35000610351562,117.29000091552734,740.3811645507812,8.543852806091309,134.47105407714844,24.3799991607666,106.2823715209961,18.889999389648438,69.23468780517578,72.13729095458984,70.13809967041016,794.1359252929688,65.84234619140625,95.66999816894531,85.84014129638672,102.6607894897461,197.1999969482422,218.65701293945312,67.91999816894531,151.55172729492188,37.86000061035156,27.695072174072266,92.13438415527344,120.64685821533203,152.88818359375,186.84715270996094,7.652843475341797
2024-09-09,212.2096710205078,174.7550811767578,138.14999389648438,125.54000091552734,737.4601440429688,8.754105567932129,138.22052001953125,24.260000228881836,104.18867492675781,19.06999969482422,69.93314361572266,72.18449401855469,71.38771057128906,823.3875732421875,68.55760955810547,97.12000274658203,85.73081970214844,106.29480743408203,196.00999450683594,222.4186553955078,69.38999938964844,154.0234832763672,38.7599983215332,28.183176040649414,93.08565521240234,123.37867736816406,158.69876098632812,190.36740112304688,7.791482448577881
2024-09-10,212.3650360107422,175.24722290039062,142.83999633789062,127.22000122070312,738.994384765625,8.849674224853516,145.47412109375,24.899999618530273,106.54036712646484,18.979999542236328,70.28482818603516,71.91415405273438,71.17943572998047,834.9010620117188,71.21317291259766,96.55000305175781,86.30720520019531,107.92211151123047,198.02000427246094,217.2005615234375,68.2300033569336,154.89527893066406,39.56999969482422,27.363162994384766,92.74990844726562,124.54094696044922,158.35751342773438,189.0709686279297,7.736026763916016
2024-09-11,218.530517578125,183.01300048828125,149.86000061035156,140.32000732421875,786.9506225585938,9.136381149291992,155.34840393066406,26.649999618530273,109.81485748291016,19.639999389648438,73.76824188232422,75.38324737548828,73.31888580322266,881.6443481445312,74.48541259765625,101.37999725341797,90.08345794677734,116.71762084960938,201.67999267578125,222.6790771484375,70.58000183105469,159.5705108642578,41.27000045776367,27.656021118164062,94.99755859375,130.6403350830078,165.96197509765625,191.54080200195312,8.087244033813477
2024-09-12,215.0933837890625,180.3259735107422,150.77000427246094,139.17999267578125,786.980224609375,9.117266654968262,161.52230834960938,27.770000457763672,107.39373779296875,19.360000610351562,72.23735809326172,73.50863647460938,72.02196502685547,882.3831176757812,73.89860534667969,101.13999938964844,86.66494750976562,118.95413208007812,204.83999633789062,218.1103057861328,69.33000183105469,158.0568084716797,39.619998931884766,27.285062789916992,93.67321014404297,127.34228515625,167.7487335205078,185.45608520507812,7.967091083526611
2024-09-13,218.87034606933594,185.503173828125,152.30999755859375,147.3699951171875,802.9032592773438,9.231948852539062,164.59449768066406,28.510000228881836,109.81485748291016,19.65999984741211,74.0322494506836,75.66537475585938,73.47982025146484,900.2984619140625,74.07762145996094,101.44999694824219,90.64989471435547,118.9141845703125,206.7100067138672,222.75074768066406,71.72000122070312,160.69139099121094,40.869998931884766,27.90983772277832,95.56645965576172,130.36221313476562,168.79576110839844,189.19398498535156,7.920877456665039
2024-09-16,216.79251098632812,184.62716674804688,152.0800018310547,138.39999389648438,789.8029174804688,9.356188774108887,160.9922637939453,27.760000228881836,109.29888916015625,20.90999984741211,72.54471588134766,74.5594711303711,72.89288330078125,871.8643188476562,73.00345611572266,100.94000244140625,86.63514709472656,116.5978012084961,189.27000427246094,222.82823181152344,70.37000274658203,159.61842346191406,39.779998779296875,27.158153533935547,90.69813537597656,127.13368225097656,165.44921875,187.81240844726562,7.84693717956543
2024-09-17,218.80238342285156,185.6212615966797,150.82000732421875,136.83999633789062,792.4091796875,9.337075233459473,159.4708709716797,27.239999771118164,110.7773666381836,21.469999313354492,72.85994720458984,75.53267669677734,72.89288330078125,854.2149658203125,72.37686157226562,101.54000091552734,88.17545318603516,115.40966796875,194.7100067138672,225.30833435058594,71.41999816894531,161.62071228027344,38.650001525878906,27.54863739013672,90.23181915283203,128.8522491455078,163.75636291503906,190.57557678222656,7.809967041015625
2024-09-18,216.17112731933594,183.20986938476562,148.2899932861328,138.36000061035156,774.8533325195312,9.17460823059082,158.68563842773438,27.049999237060547,109.21949768066406,20.770000457763672,72.01667785644531,74.52989196777344,72.28703308105469,847.6654052734375,71.16346740722656,100.01000213623047,86.8040771484375,113.19313049316406,192.33999633789062,224.2814178466797,70.63999938964844,161.2375030517578,38.290000915527344,27.304588317871094,89.7468490600586,127.01448059082031,163.6878662109375,189.93209838867188,7.717541694641113
2024-09-19,226.66702270507812,193.6134490966797,156.74000549316406,140.58999633789062,814.5087280273438,9.575997352600098,164.86996459960938,28.979999542236328,114.46863555908203,21.139999389648438,76.0941162109375,77.80345916748047,74.62527465820312,897.363525390625,74.47545623779297,105.56999969482422,88.69219970703125,117.68611145019531,205.3000030517578,231.26626586914062,73.3499984741211,166.62164306640625,39.2400016784668,28.30031967163086,92.75924682617188,132.93508911132812,172.43589782714844,196.45211791992188,7.8746657371521
2024-09-20,220.1908416748047,189.1350860595703,155.9499969482422,138.89999389648438,782.1707763671875,9.442200660705566,168.49392700195312,29.18000030517578,109.78509521484375,21.84000015258789,74.7563247680664,76.23766326904297,72.9023666381836,877.8624267578125,73.4709243774414,103.69999694824219,90.3318862915039,115.81902313232422,200.38999938964844,224.63987731933594,69.56999969482422,161.83148193359375,38.58000183105469,27.275299072265625,91.17377471923828,128.09725952148438,170.3418426513672,192.3830108642578,7.754512310028076
2024-09-23,219.4431915283203,190.9854736328125,156.75,141.72000122070312,790.2553100585938,9.556883811950684,170.30587768554688,29.790000915527344,110.71784210205078,22.559999465942383,74.9947280883789,77.31144714355469,72.94967651367188,879.8026733398438,71.42205810546875,107.0199966430664,92.9852066040039,116.07862854003906,201.1699981689453,224.62049865722656,69.73999786376953,158.9956817626953,38.58000183105469,27.246015548706055,91.50019836425781,128.8323974609375,171.0072479248047,192.9034881591797,7.893150806427002
2024-09-24,220.724853515625,193.68235778808594,158.32000732421875,143.3000030517578,800.5822143554688,9.671566009521484,172.17697143554688,29.8799991607666,111.4322738647461,22.809999465942383,75.88823699951172,77.99967956542969,73.36622619628906,897.245361328125,70.81533813476562,106.23999786376953,93.41251373291016,120.68143463134766,203.14999389648438,226.4514923095703,70.47000122070312,159.94415283203125,38.65999984741211,27.85322380065918,92.07843017578125,130.15359497070312,178.06240844726562,193.93496704101562,7.957847595214844
2024-09-25,220.0548858642578,194.20401000976562,162.02000427246094,146.42999267578125,804.6932373046875,9.738463401794434,172.8466033935547,29.81999969482422,110.4995346069336,23.540000915527344,76.05768585205078,79.25093078613281,72.05036163330078,900.9287719726562,70.79544830322266,106.13999938964844,95.17144775390625,123.31731414794922,200.6199951171875,226.6646270751953,69.6500015258789,161.20877075195312,38.34000015258789,27.520238876342773,90.63285064697266,129.7661590576172,178.4342498779297,194.0485076904297,8.03178882598877
2024-09-26,225.705810546875,206.31040954589844,167.49000549316406,149.16000366210938,838.3886108398438,10.072955131530762,175.37745666503906,31.229999542236328,115.70896911621094,23.920000076293945,79.25834655761719,83.56474304199219,76.02633666992188,930.1312255859375,73.05317687988281,113.26000213623047,109.1932601928711,123.84648132324219,211.7899932861328,234.67640686035156,73.31999969482422,165.41453552246094,42.470001220703125,28.87176513671875,93.32815551757812,136.5013427734375,182.81805419921875,198.02296447753906,8.170427322387695
2024-09-27,225.30770874023438,201.69424438476562,164.35000610351562,145.5800018310547,827.668212890625,9.738463401794434,170.05970764160156,31.450000762939453,113.97248077392578,23.90999984741211,77.0762939453125,81.55524444580078,76.2914047241211,911.0240478515625,70.60648345947266,111.5199966430664,106.8281478881836,121.21060943603516,209.61000061035156,237.28237915039062,74.38999938964844,162.99070739746094,42.119998931884766,29.733610153198242,92.1903305053711,133.74964904785156,174.14830017089844,197.909423828125,8.068758964538574
2024-09-30,223.48233032226562,198.86940002441406,164.0800018310547,143.00999450683594,819.5148315429688,9.327518463134766,169.87258911132812,30.799999237060547,111.6604995727539,23.459999084472656,76.28917694091797,80.46668243408203,76.00740814208984,911.7736206054688,71.73037719726562,111.26000213623047,103.06182861328125,121.25054931640625,208.33999633789062,232.51602172851562,72.61000061035156,162.91404724121094,42.220001220703125,29.116607666015625,92.11573028564453,133.04432678222656,169.94064331054688,195.47743225097656,7.7822394371032715
2024-10-01,217.1711883544922,194.0957489013672,159.75,136.0800018310547,808.7945556640625,9.165051460266113,164.91920471191406,29.959999084472656,108.87220764160156,22.690000534057617,74.24800109863281,78.62284088134766,73.35675048828125,879.5336303710938,69.93014526367188,107.0,99.68307495117188,116.81745910644531,197.8800048828125,224.9692840576172,71.05000305175781,158.8232421875,40.130001068115234,28.303730010986328,89.0007553100586,128.1370086669922,168.37501525878906,190.77430725097656,7.662086009979248
2024-10-02,221.1132049560547,197.98355102539062,159.77999877929688,137.02999877929688,818.4723510742188,9.24150562286377,168.06063842773438,30.43000030517578,112.04747009277344,22.389999389648438,76.57977294921875,80.27047729492188,74.04782104492188,906.2506713867188,71.65081024169922,108.56999969482422,99.22594451904297,118.66458129882812,200.11000061035156,228.01119995117188,71.51000213623047,161.2566680908203,40.33000183105469,28.244970321655273,90.80072784423828,130.57080078125,172.02491760253906,192.5060272216797,7.662086009979248
2024-10-03,219.97720336914062,196.44813537597656,162.85000610351562,138.24000549316406,818.6885986328125,9.270176887512207,169.2718963623047,30.889999389648438,109.7057113647461,22.260000228881836,76.303955078125,79.97566223144531,73.20528411865234,910.0476684570312,71.8497314453125,108.0999984741211,101.18363189697266,122.65834045410156,199.69000244140625,225.9573974609375,70.33000183105469,161.83148193359375,40.220001220703125,27.6573486328125,90.21317291259766,128.1568603515625,175.62588500976562,190.84054565429688,7.662086009979248
2024-10-04,221.59869384765625,198.79066467285156,170.89999389648438,140.5500030517578,819.2689819335938,9.403973579406738,173.94952392578125,32.56999969482422,111.3330307006836,22.59000015258789,77.56787872314453,80.39964294433594,73.53662872314453,922.7306518554688,73.01341247558594,110.22000122070312,101.61095428466797,124.72511291503906,202.60000610351562,226.9261932373047,71.54000091552734,161.81231689453125,41.04999923706055,27.843429565429688,90.30642700195312,129.63702392578125,177.26980590820312,191.82470703125,7.717541694641113
2024-10-07,219.9286651611328,196.9796600341797,170.97000122070312,141.33999633789062,803.778564453125,9.43264389038086,172.41329956054688,32.540000915527344,109.28895568847656,22.3799991607666,77.0043716430664,79.4826431274414,72.37222290039062,917.4345703125,73.32173919677734,109.79000091552734,102.3819808959961,127.520751953125,200.57000732421875,226.7130584716797,71.08999633789062,159.93455505371094,41.04999923706055,27.598588943481445,89.01939392089844,128.65354919433594,180.5478515625,190.4620361328125,7.606630802154541
2024-10-08,222.7346954345703,197.7178192138672,172.8000030517578,143.60000610351562,810.6729736328125,9.423087120056152,177.97723388671875,33.709999084472656,109.2095718383789,23.31999969482422,77.22406005859375,79.87704467773438,73.18634796142578,910.4324340820312,72.71502685546875,112.80000305175781,102.01387023925781,132.6826629638672,208.75999450683594,227.62371826171875,70.52999877929688,159.3597412109375,41.16999816894531,27.412506103515625,89.66291809082031,128.54428100585938,182.05479431152344,191.3515625,7.551175594329834
2024-10-09,226.463134765625,201.83201599121094,171.02000427246094,148.42999267578125,831.9563598632812,9.403973579406738,183.11773681640625,35.16999816894531,109.06073760986328,23.459999084472656,79.2662124633789,81.701171875,74.01942443847656,923.1251831054688,72.44647216796875,114.26000213623047,101.17819213867188,132.44305419921875,210.72000122070312,230.8690948486328,71.0,163.07691955566406,42.189998626708984,27.57900047302246,91.2110824584961,129.60723876953125,183.12139892578125,193.96334838867188,7.449507713317871
2024-10-10,223.99691772460938,200.74932861328125,164.17999267578125,149.3300018310547,820.2229614257812,9.298847198486328,182.8616943359375,37.2400016784668,107.23494720458984,23.219999313354492,78.61111450195312,80.91236877441406,73.21475982666016,917.2670288085938,72.14811706542969,113.95999908447266,105.147705078125,134.59970092773438,210.0800018310547,228.7958984375,70.30999755859375,161.4482421875,42.439998626708984,27.363542556762695,89.94270324707031,128.08734130859375,181.79058837890625,191.59759521484375,7.4310221672058105
2024-10-11,226.09417724609375,201.83201599121094,167.88999938964844,151.4600067138672,826.8322143554688,9.518655776977539,178.71580505371094,38.2599983215332,108.05854034423828,23.559999465942383,79.17756652832031,81.73076629638672,73.82062530517578,925.55126953125,73.67110443115234,116.16999816894531,106.37139892578125,134.5897216796875,216.49000549316406,230.66566467285156,70.33000183105469,162.8470001220703,44.04999923706055,27.363542556762695,90.7447738647461,131.0376739501953,186.71258544921875,194.09580993652344,7.477235317230225
2024-10-14,229.56045532226562,210.5230255126953,165.27000427246094,161.82000732421875,857.8917236328125,9.709794044494629,179.53317260742188,38.150001525878906,110.58883666992188,23.440000534057617,81.73101043701172,84.50147247314453,74.77674865722656,930.2261352539062,77.32430267333984,116.63999938964844,107.78411102294922,137.8546142578125,221.55999755859375,235.8389129638672,72.79000091552734,170.56874084472656,45.060001373291016,27.745492935180664,92.47013092041016,132.75625610351562,188.08251953125,197.45518493652344,7.560418605804443
2024-10-15,219.30726623535156,188.01304626464844,156.63999938964844,150.6699981689453,718.3897705078125,9.748021125793457,173.2996063232422,36.380001068115234,101.83699035644531,22.65999984741211,69.7193603515625,75.29208374023438,71.2173080444336,882.3740234375,79.04637908935547,113.41999816894531,103.78475189208984,131.39471435546875,198.74000549316406,225.57955932617188,69.31999969482422,166.78451538085938,43.27000045776367,26.325407028198242,91.91988372802734,126.51776885986328,183.1116180419922,189.1088104248047,7.347838878631592
2024-10-16,220.88018798828125,181.68426513671875,156.1300048828125,152.5,672.2529907226562,9.91048812866211,174.12680053710938,36.9900016784668,101.53931427001953,22.309999465942383,67.24374389648438,73.1031265258789,71.84210205078125,892.4828491210938,81.30596923828125,113.66999816894531,108.67948913574219,135.50827026367188,188.57000732421875,225.46331787109375,69.02999877929688,164.2840576171875,43.2599983215332,26.697566986083984,91.59345245361328,126.16016387939453,183.4541015625,189.91319274902344,7.3755669593811035
2024-10-17,220.7345428466797,180.35552978515625,156.25,154.60000610351562,689.0514526367188,10.264092445373535,178.7650604248047,37.61000061035156,103.35516357421875,22.440000534057617,66.02810668945312,72.11711120605469,72.49529266357422,905.4913330078125,79.5440902709961,112.66999816894531,111.47508239746094,136.71636962890625,187.1999969482422,225.02740478515625,69.23999786376953,163.91998291015625,42.70000076293945,26.873857498168945,91.45355987548828,126.3687744140625,201.41981506347656,187.65151977539062,7.394052028656006
2024-10-18,221.69580078125,183.4263916015625,155.97000122070312,153.02999877929688,711.337890625,9.929601669311523,177.1500244140625,37.310001373291016,102.43236541748047,22.770000457763672,66.8427963256836,71.82130432128906,73.21475982666016,903.6765747070312,79.48435974121094,113.80000305175781,110.57969665527344,137.78469848632812,184.2100067138672,226.1608428955078,68.48999786376953,163.74752807617188,41.18000030517578,27.412506103515625,91.96651458740234,125.20650482177734,196.46849060058594,187.81240844726562,7.144502639770508
2024-10-21,219.11306762695312,181.55630493164062,157.89999389648438,152.35000610351562,702.328857421875,9.853147506713867,177.24853515625,39.93000030517578,103.55362701416016,22.84000015258789,66.35910034179688,71.82130432128906,71.16997528076172,871.1013793945312,81.45529174804688,114.08000183105469,108.52031707763672,143.4857940673828,186.02999877929688,222.9638671875,67.13999938964844,161.9176788330078,41.630001068115234,26.86406135559082,90.28777313232422,125.09723663330078,197.6133575439453,185.2573699951172,7.1722307205200195
2024-10-22,218.0935821533203,180.11927795410156,154.08999633789062,152.5800018310547,709.026611328125,9.881817817687988,176.64784240722656,39.70000076293945,102.38273620605469,22.399999618530273,66.01136016845703,71.97906494140625,71.4066390991211,864.7400512695312,82.96831512451172,113.79000091552734,107.26679229736328,143.36598205566406,182.4499969482422,224.29110717773438,66.54000091552734,165.91270446777344,41.59000015258789,27.108903884887695,89.19659423828125,124.53101348876953,194.21788024902344,183.5540313720703,7.209200859069824
2024-10-23,220.25877380371094,179.8240203857422,152.91000366210938,142.41000366210938,696.939208984375,9.690679550170898,170.86721801757812,38.665000915527344,102.44226837158203,21.979999542236328,65.47444152832031,71.84102630615234,71.25517272949219,871.47607421875,81.45529174804688,115.56999969482422,104.51100158691406,139.34228515625,182.8800048828125,228.94125366210938,67.97000122070312,159.60882568359375,41.400001525878906,27.324363708496094,88.54375457763672,123.60716247558594,196.54676818847656,190.9068145751953,7.116774559020996
2024-10-24,223.00656127929688,180.85748291015625,153.44000244140625,141.0399932861328,699.0930786132812,9.671566009521484,168.74009704589844,39.0099983215332,102.85903930664062,22.34000015258789,65.62518310546875,75.49915313720703,71.81369018554688,887.6405029296875,81.5548324584961,116.9800033569336,106.30176544189453,140.19094848632812,183.55999755859375,231.59567260742188,70.08000183105469,161.04588317871094,42.040000915527344,27.57900047302246,88.67433166503906,109.98782348632812,193.6796875,195.51527404785156,7.1260175704956055
2024-10-25,223.48233032226562,183.58384704589844,156.22999572753906,143.75,699.9684448242188,9.862703323364258,170.364990234375,39.18000030517578,104.1986083984375,22.68000030517578,66.30590057373047,76.5936279296875,72.22076416015625,888.883056640625,81.23629760742188,121.69999694824219,107.35631561279297,141.31918334960938,184.24000549316406,235.56765747070312,71.25,163.1248321533203,43.5,27.63776206970215,88.78624725341797,111.01101684570312,199.07138061523438,195.81808471679688,7.16298770904541
2024-10-28,223.45318603515625,182.42245483398438,159.9199981689453,150.02000427246094,696.9686889648438,9.700236320495605,169.39991760253906,40.13999938964844,105.1313247680664,22.920000076293945,66.4320068359375,74.39481353759766,73.08222198486328,878.2022094726562,83.05792999267578,117.54000091552734,105.8441162109375,140.30078125,189.05999755859375,241.9034423828125,72.23999786376953,164.99301147460938,44.79999923706055,27.951160430908203,89.66291809082031,110.59380340576172,190.49948120117188,194.77716064453125,6.857983589172363
2024-10-29,228.3953094482422,187.12718200683594,166.25,157.1699981689453,704.9843139648438,9.719350814819336,176.50994873046875,41.70000076293945,107.87001037597656,22.899999618530273,68.58745574951172,77.21481323242188,74.83355712890625,920.3834228515625,84.48136138916016,119.58000183105469,107.62493896484375,141.02963256835938,199.6699981689453,247.59986877441406,74.69999694824219,168.61436462402344,51.0,28.323320388793945,91.42558288574219,112.49114990234375,192.71096801757812,200.00076293945312,6.848740577697754
2024-10-30,223.43377685546875,182.38307189941406,148.60000610351562,154.39999389648438,674.1189575195312,9.36574649810791,173.94952392578125,40.130001068115234,106.18159484863281,22.299999237060547,68.15105438232422,75.38082885742188,71.54863739013672,907.148193359375,82.42084503173828,117.80999755859375,103.54597473144531,139.12258911132812,197.5800018310547,237.6602325439453,73.62999725341797,160.58599853515625,49.88999938964844,26.981586456298828,83.92724609375,108.75602722167969,190.30377197265625,196.76438903808594,6.46055269241333
2024-10-31,216.62744140625,178.72166442871094,144.07000732421875,141.3000030517578,662.9991455078125,9.136381149291992,167.18418884277344,37.70000076293945,103.99657440185547,21.520000457763672,65.632080078125,73.31018829345703,69.4565200805664,748.8477172851562,79.7431640625,112.4000015258789,99.13870239257812,132.55287170410156,185.3000030517578,227.17807006835938,70.48999786376953,155.93954467773438,47.81999969482422,26.58004379272461,81.67961883544922,105.50764465332031,186.4483642578125,193.5162811279297,6.321914196014404
2024-11-01,218.9285888671875,180.49330139160156,141.86000061035156,141.47999572753906,665.1481323242188,9.442200660705566,166.34713745117188,40.43000030517578,106.32064056396484,23.200000762939453,65.94239807128906,73.75390625,70.8197021484375,748.916748046875,84.38182830810547,112.6500015258789,99.21829223632812,135.1887664794922,184.99000549316406,231.14036560058594,70.98999786376953,158.3346405029297,47.95000076293945,26.11974334716797,82.92001342773438,105.78579711914062,188.80662536621094,195.1927032470703,6.5252509117126465
2024-11-04,217.6760711669922,178.95785522460938,140.7100067138672,137.52999877929688,661.62890625,9.184164047241211,165.98277282714844,40.06999969482422,100.29199981689453,22.520000457763672,65.350341796875,73.13272094726562,70.49784851074219,756.017578125,83.99361419677734,113.80000305175781,101.2080307006836,135.83773803710938,182.52000427246094,229.50311279296875,69.5,158.2484130859375,48.529998779296875,25.42439079284668,82.02469635009766,103.5804672241211,187.4464874267578,193.9925537109375,6.534493446350098
2024-11-05,211.2775421142578,183.54449462890625,141.66000366210938,140.64999389648438,666.8536376953125,9.25106430053711,171.2512664794922,41.849998474121094,102.41741943359375,23.31999969482422,66.03597259521484,75.33152770996094,71.08477020263672,752.4672241210938,86.7907485961914,116.69000244140625,104.94873046875,139.69171142578125,181.2899932861328,217.63560485839844,70.19999694824219,158.94776916503906,50.2599983215332,26.139326095581055,82.61224365234375,104.75267028808594,191.5562744140625,192.84951782226562,6.432825088500977
2024-11-06,219.67620849609375,184.568115234375,145.10000610351562,144.67999267578125,652.0370483398438,9.289290428161621,176.8152313232422,44.349998474121094,104.35413360595703,25.049999237060547,65.96997833251953,75.7061996459961,69.81623840332031,774.47998046875,90.21498107910156,121.91999816894531,111.2562026977539,145.38282775878906,191.30999755859375,224.1554718017578,72.2699966430664,165.73068237304688,57.70000076293945,25.953250885009766,84.37491607666016,108.27919006347656,189.07083129882812,204.76565551757812,6.488280296325684
2024-11-07,221.1520538330078,191.03469848632812,149.82000732421875,150.64999389648438,667.5928955078125,9.700236320495605,181.01034545898438,47.02000045776367,107.47273254394531,26.229999542236328,67.59444427490234,78.10222625732422,70.37476348876953,764.5387573242188,93.50984954833984,139.13999938964844,112.8281021118164,148.6477508544922,206.3699951171875,228.7474822998047,72.05000305175781,165.654052734375,56.689998626708984,26.570249557495117,85.02774810791016,110.9017333984375,196.86968994140625,207.21363830566406,6.691617012023926
2024-11-08,219.2393035888672,189.0071258544922,147.9499969482422,147.47999572753906,659.9628295898438,9.442200660705566,180.84291076660156,48.0,104.31439208984375,26.200000762939453,67.71857452392578,77.10635375976562,68.98320007324219,750.8201293945312,93.3704833984375,137.86000061035156,111.32585144042969,147.39967346191406,197.67999267578125,226.58709716796875,70.41000366210938,163.73797607421875,55.779998779296875,25.963043212890625,83.1531753540039,110.15669250488281,196.87945556640625,209.8331298828125,6.617676258087158
2024-11-11,214.0641632080078,185.59176635742188,147.35000610351562,141.96499633789062,661.7766723632812,9.2606201171875,176.1849822998047,46.47999954223633,103.5893783569336,25.049999237060547,65.61237335205078,75.104736328125,66.15265655517578,638.3993530273438,91.82757568359375,134.49000549316406,108.092529296875,145.03338623046875,199.27999877929688,219.9509735107422,69.95999908447266,161.2279052734375,55.88999938964844,26.305822372436523,82.05266571044922,108.0904541015625,189.88302612304688,205.62295532226562,6.46055269241333
2024-11-12,213.17088317871094,183.67247009277344,143.6300048828125,139.9199981689453,659.6769409179688,9.08859634399414,173.53591918945312,46.45000076293945,105.60555267333984,24.15999984741211,65.4892349243164,74.64131164550781,63.71028518676758,635.2334594726562,92.35515594482422,131.86000061035156,103.56586456298828,148.05865478515625,203.8300018310547,217.77122497558594,70.2300033569336,156.55270385742188,55.369998931884766,26.5898380279541,81.17599487304688,107.61361694335938,187.65199279785156,202.67962646484375,6.46055269241333
2024-11-13,206.65585327148438,179.91256713867188,139.3000030517578,135.08999633789062,663.8468627929688,9.203279495239258,170.9361572265625,45.869998931884766,104.4037857055664,24.920000076293945,63.4963264465332,72.81717681884766,63.038143157958984,593.1903076171875,89.65755462646484,128.7100067138672,99.4073257446289,146.0418243408203,189.47000122070312,215.99838256835938,68.48999786376953,153.68817138671875,54.31999969482422,25.33624839782715,77.5760498046875,105.67652130126953,182.65170288085938,195.95474243164062,6.395854949951172
2024-11-14,206.07327270507812,183.0720672607422,138.83999633789062,136.35000610351562,683.1192626953125,9.165051460266113,167.78488159179688,41.900001525878906,100.8084487915039,25.030000686645508,63.540653228759766,73.7440414428711,62.1009521484375,568.8500366210938,90.28467559814453,126.76000213623047,98.6711196899414,146.53102111816406,190.25999450683594,216.9671630859375,67.0199966430664,157.0891876220703,53.349998474121094,25.56150245666504,78.34080505371094,105.81558990478516,184.45217895507812,196.221435546875,6.358884811401367
2024-11-15,200.3544464111328,166.22154235839844,134.89999389648438,128.72999572753906,649.27685546875,9.117266654968262,162.32928466796875,39.7599983215332,97.0045394897461,24.350000381469727,60.532081604003906,69.0703353881836,59.507102966308594,565.4869384765625,87.42781829833984,123.0,95.8456802368164,141.75848388671875,178.6699981689453,210.26321411132812,64.76000213623047,153.7647705078125,51.310001373291016,24.748628616333008,78.05168914794922,101.90165710449219,182.01565551757812,191.57310485839844,6.266458988189697
2024-11-18,203.55853271484375,168.04241943359375,138.92999267578125,128.66000366210938,655.7830200195312,9.346631050109863,163.14662170410156,40.599998474121094,98.87174224853516,24.84000015258789,61.27297592163086,69.58306121826172,61.769630432128906,579.7478637695312,88.30378723144531,123.2300033569336,97.00968933105469,139.9313507080078,177.2100067138672,213.3148651123047,66.4800033569336,157.59695434570312,52.59000015258789,24.435232162475586,78.33147430419922,103.46126556396484,183.4541015625,197.34542846679688,6.414340019226074
2024-11-19,204.3158721923828,166.64479064941406,139.38999938964844,133.05999755859375,652.7567138671875,9.423087120056152,162.8314971923828,43.939998626708984,98.75255584716797,24.200000762939453,60.81856155395508,69.18865203857422,61.41935729980469,577.8051147460938,88.93090057373047,125.27999877929688,97.22855377197266,146.78062438964844,176.9600067138672,213.04364013671875,66.6500015258789,157.7981414794922,52.290000915527344,24.033687591552734,77.93045043945312,102.12020874023438,185.59706115722656,191.52549743652344,6.451310157775879
2024-11-20,204.8790283203125,167.80621337890625,137.60000610351562,133.6999969482422,649.0796508789062,9.327518463134766,160.76351928710938,42.970001220703125,99.27893829345703,24.010000228881836,60.93413543701172,69.0703353881836,61.64656066894531,552.350341796875,89.44851684570312,127.55999755859375,97.86527252197266,145.66238403320312,174.17999267578125,213.46017456054688,67.30999755859375,147.7962646484375,52.95000076293945,23.99451446533203,77.8092041015625,102.8950424194336,184.31521606445312,188.7821807861328,6.2849440574646
2024-11-21,207.7433319091797,173.39019775390625,137.49000549316406,133.13999938964844,662.6145629882812,9.375303268432617,161.4429931640625,46.279998779296875,104.52296447753906,24.440000534057617,62.54731750488281,72.10725402832031,62.962425231933594,564.589599609375,92.51441955566406,131.3300018310547,102.23275756835938,146.44119262695312,179.72000122070312,217.55812072753906,68.47000122070312,148.93630981445312,54.4900016784668,24.033687591552734,79.320068359375,104.82220458984375,187.13336181640625,188.79173278808594,6.257216453552246
2024-11-22,208.35499572753906,172.53189086914062,138.35000610351562,135.99000549316406,663.3244018554688,9.489985466003418,161.72854614257812,45.84000015258789,106.50933837890625,24.5,63.17856216430664,71.62410736083984,63.56769561767578,572.8147583007812,92.08638763427734,134.5,102.11334991455078,141.72854614257812,179.75999450683594,219.31161499023438,69.62000274658203,150.21047973632812,55.959999084472656,23.974924087524414,79.65582275390625,107.49442291259766,185.99827575683594,188.6011962890625,6.3311567306518555
2024-11-25,217.0838165283203,172.20632934570312,141.1300048828125,139.67999267578125,674.7498168945312,9.470870971679688,162.3095703125,47.06999969482422,107.28402709960938,24.8700008392334,63.68434143066406,72.67913818359375,66.57974243164062,592.5886840820312,91.817626953125,135.3699951171875,103.94393157958984,135.8077850341797,176.10000610351562,226.54837036132812,72.38999938964844,152.1553192138672,56.88999938964844,25.21872329711914,82.00603485107422,110.0602035522461,181.10565185546875,193.29718017578125,6.349641799926758
2024-11-26,212.68544006347656,170.87445068359375,137.72000122070312,136.72000122070312,662.4273681640625,9.327518463134766,162.23080444335938,46.66999816894531,104.80105590820312,24.049999237060547,62.38036346435547,71.67342376708984,65.20716857910156,564.2048950195312,92.71350860595703,134.63999938964844,101.27767181396484,136.70639038085938,174.52999877929688,221.52041625976562,70.81999969482422,150.3446044921875,57.77000045776367,25.042436599731445,80.4671859741211,108.45906066894531,179.8922576904297,191.4111785888672,6.3311567306518555
2024-11-27,210.86004638671875,169.0196990966797,136.24000549316406,133.3699951171875,660.9584350585938,9.06948184967041,157.2379913330078,45.709999084472656,104.24488067626953,23.649999618530273,62.446556091308594,70.56907653808594,64.69245147705078,552.52783203125,89.68742370605469,131.6699981689453,97.69613647460938,135.1288604736328,172.38999938964844,219.4569091796875,70.3499984741211,149.8368377685547,57.119998931884766,24.885740280151367,80.95216369628906,107.49441528320312,177.29916381835938,189.7347412109375,6.1832756996154785
2024-11-29,211.7144775390625,172.3641815185547,137.17999267578125,134.2899932861328,676.8594360351562,9.289290428161621,159.61131286621094,48.959999084472656,104.91032409667969,24.049999237060547,63.91747283935547,72.84677124023438,64.9783935546875,559.8259887695312,92.26557159423828,132.82000732421875,97.44743347167969,138.03431701660156,183.75999450683594,222.208251953125,71.12000274658203,151.87745666503906,57.810001373291016,24.973880767822266,81.68893432617188,109.39389038085938,180.69467163085938,191.48736572265625,6.2387309074401855
2024-12-02,216.63714599609375,180.80921936035156,142.05999755859375,140.33999633789062,701.3663330078125,9.56644058227539,163.9738311767578,47.79999923706055,108.08851623535156,23.93000030517578,65.79440307617188,77.41201782226562,67.0182113647461,572.361083984375,96.41647338867188,136.89999389648438,98.04434204101562,138.4137420654297,190.5,226.31585693359375,73.94999694824219,156.1886444091797,58.869998931884766,25.581090927124023,82.52830505371094,112.57624816894531,190.22549438476562,192.2017822265625,6.312671661376953
2024-12-03,215.10305786132812,180.70071411132812,141.97999572753906,140.3800048828125,707.8628540039062,9.470870971679688,165.5888671875,70.69000244140625,107.4330062866211,22.469999313354492,65.76378631591797,77.24437713623047,62.32855224609375,574.8265991210938,95.47081756591797,141.02999877929688,99.3277359008789,140.0411834716797,189.91000366210938,221.22979736328125,69.80999755859375,155.7575225830078,58.63999938964844,25.248104095458984,82.36849975585938,114.83375549316406,194.6190643310547,187.8677215576172,6.229488372802734
2024-12-04,211.9572296142578,178.72756958007812,143.99000549316406,141.3000030517578,709.6963500976562,9.54732608795166,167.962158203125,69.01000213623047,109.34986114501953,21.959999084472656,65.81317901611328,77.16551208496094,58.754119873046875,573.6234741210938,117.60897064208984,142.4600067138672,102.67048645019531,144.91355895996094,189.75999450683594,216.67652893066406,65.97000122070312,156.4856414794922,58.97999954223633,25.32645606994629,82.50010681152344,116.24592590332031,196.3804168701172,187.31529235839844,6.220245838165283
2024-12-05,208.31617736816406,169.72015380859375,141.36000061035156,137.9499969482422,701.39599609375,9.470870971679688,167.87350463867188,70.4000015258789,106.37029266357422,20.799999237060547,63.480838775634766,74.15816497802734,55.5228385925293,564.441650390625,112.85086059570312,137.94000244140625,100.35244750976562,144.84365844726562,185.88999938964844,211.17218017578125,65.73999786376953,154.46322631835938,57.52000045776367,25.395009994506836,81.24040985107422,113.09339904785156,199.91290283203125,183.8290252685547,6.090850830078125
2024-12-06,211.86012268066406,170.69686889648438,138.58999633789062,140.88999938964844,698.9117431640625,9.738463401794434,176.79551696777344,74.2300033569336,108.65462493896484,20.920000076293945,64.04689025878906,75.51886749267578,56.51414108276367,581.562744140625,112.99021911621094,139.07000732421875,100.6509017944336,142.2275848388672,195.17999267578125,212.79739379882812,66.5199966430664,153.61573791503906,58.83000183105469,25.884695053100586,82.60350799560547,117.85700988769531,198.660400390625,183.93380737304688,6.211003303527832
2024-12-09,213.57618713378906,169.5524444580078,130.8699951171875,139.63999938964844,696.4866943359375,9.681122779846191,176.2145538330078,67.02999877929688,109.75707244873047,20.809999465942383,64.44499206542969,76.3668441772461,58.973350524902344,601.2774047851562,106.53990173339844,137.8699951171875,102.29244232177734,138.6029815673828,198.5,217.61468505859375,67.68000030517578,154.80029296875,58.400001525878906,25.99242401123047,84.2956314086914,118.90121459960938,194.89306640625,184.2671661376953,6.1832756996154785
2024-12-10,210.23178100585938,165.9119873046875,127.73999786376953,137.2899932861328,695.2544555664062,9.375303268432617,169.193115234375,66.26000213623047,105.40689849853516,20.15999984741211,63.40774154663086,74.07928466796875,59.0210075378418,587.1249389648438,106.19149780273438,135.0,97.59667205810547,134.8685760498047,190.3000030517578,212.09669494628906,66.33999633789062,150.678466796875,57.9900016784668,25.776962280273438,82.38729858398438,116.3851547241211,187.81832885742188,181.15240478515625,6.063122749328613
2024-12-11,211.70411682128906,168.83221435546875,130.14999389648438,143.16000366210938,704.2843627929688,9.56644058227539,180.4095916748047,69.45999908447266,108.32687377929688,20.1200008392334,64.09628295898438,77.372802734375,58.639739990234375,615.2327270507812,110.8500747680664,137.97000122070312,101.53633880615234,139.1022491455078,192.0,213.9457550048828,67.97000122070312,153.92391967773438,59.060001373291016,25.71820068359375,84.05120849609375,119.53768157958984,190.4212188720703,182.60025024414062,6.090850830078125
2024-12-12,212.28912353515625,166.80978393554688,130.60000610351562,148.0,702.9732055664062,9.43264389038086,177.90830993652344,68.41999816894531,106.56893920898438,20.780000686645508,63.875003814697266,74.75183868408203,58.62067794799805,597.1155395507812,108.5108413696289,136.49000549316406,97.7359390258789,137.13519287109375,189.5500030517578,211.892333984375,67.11000061035156,152.39266967773438,58.099998474121094,25.688817977905273,84.26741790771484,120.28355407714844,187.94357299804688,182.60980224609375,5.915241718292236
2024-12-13,211.20684814453125,167.07614135742188,126.91000366210938,151.91000366210938,708.3753662109375,9.709794044494629,221.3760223388672,75.94999694824219,105.93330383300781,20.34000015258789,64.58231353759766,75.42439270019531,57.12417984008789,600.0643310546875,120.21697998046875,139.0399932861328,101.97408294677734,134.04978942871094,188.3300018310547,211.0261993408203,65.95999908447266,152.67193603515625,57.40999984741211,25.747583389282227,85.52711486816406,122.54104614257812,197.29852294921875,182.4954833984375,5.905998706817627
2024-12-16,210.91432189941406,167.13534545898438,126.69000244140625,145.0,712.1215209960938,9.82447624206543,246.19216918945312,77.25,105.98295593261719,20.829999923706055,64.8164291381836,76.97718811035156,56.3139762878418,619.9667358398438,124.2086181640625,140.9199981689453,107.70452880859375,131.8031463623047,190.41000366210938,212.3302459716797,66.44000244140625,152.05560302734375,59.13999938964844,25.21872329711914,85.32030487060547,128.7665252685547,198.5059356689453,180.4665985107422,5.859786510467529
2024-12-17,208.48641967773438,168.05282592773438,125.0199966430664,142.8000030517578,724.7495727539062,9.56644058227539,236.5709991455078,69.83000183105469,108.61490631103516,20.440000534057617,64.69293975830078,76.9573974609375,55.56096267700195,619.5720825195312,111.73599243164062,138.17999267578125,108.04278564453125,130.19554138183594,197.64999389648438,213.1477508544922,67.73999786376953,152.08447265625,58.18000030517578,25.425111770629883,85.30149841308594,127.30464935302734,196.97459411621094,179.19017028808594,6.007667541503906
2024-12-18,202.58734130859375,163.22850036621094,121.41000366210938,136.55999755859375,709.2725219726562,9.413530349731445,220.21400451660156,66.45999908447266,101.53348541259766,19.299999237060547,62.31121826171875,74.3759994506836,53.51161575317383,589.837158203125,104.79791259765625,132.49000549316406,103.36691284179688,128.71774291992188,196.5800018310547,204.65179443359375,64.93000030517578,147.3944549560547,54.83000183105469,24.520936965942383,83.34616088867188,123.0880126953125,191.96826171875,176.2183074951172,6.081607818603516
2024-12-19,202.59707641601562,159.2723388671875,118.87999725341797,132.10000610351562,700.173583984375,9.470870971679688,214.99468994140625,67.04000091552734,97.242919921875,19.059999465942383,61.4626350402832,70.42972564697266,53.368648529052734,581.0399780273438,108.61038208007812,136.92999267578125,86.64314270019531,130.48509216308594,194.8800048828125,201.71278381347656,64.80000305175781,144.84237670898438,53.619998931884766,24.05901527404785,82.97013854980469,124.50019836425781,191.06515502929688,175.7134552001953,6.026152610778809
2024-12-20,206.497314453125,161.39349365234375,119.20999908447266,132.14999389648438,695.65869140625,9.556883811950684,217.42706298828125,68.51000213623047,98.78235626220703,19.520000457763672,62.172916412353516,71.00335693359375,52.91111755371094,585.053955078125,111.3875961303711,135.22000122070312,89.65760803222656,134.49911499023438,193.52999877929688,204.60313415527344,65.5,147.24038696289062,52.58000183105469,24.18678092956543,83.43077087402344,125.25601196289062,193.58795166015625,177.99952697753906,6.03539514541626
2024-12-23,209.5297393798828,165.21153259277344,124.5999984741211,126.87000274658203,710.8004150390625,9.920044898986816,229.42408752441406,68.91999816894531,101.58314514160156,20.200000762939453,64.01231384277344,72.99134063720703,55.160621643066406,608.7828369140625,113.23908233642578,134.6999969482422,89.25965881347656,139.46170043945312,199.1699981689453,208.3499298095703,66.62999725341797,152.39266967773438,53.970001220703125,24.835433959960938,84.78446197509766,127.76214599609375,203.551513671875,181.1143035888672,6.220245838165283
2024-12-24,212.64990234375,166.10931396484375,126.29000091552734,131.7899932861328,709.4894409179688,10.082511901855469,236.66175842285156,71.22000122070312,102.14924621582031,20.399999618530273,64.26322937011719,73.02101135253906,55.81832504272461,611.051025390625,115.41905212402344,135.82000732421875,88.82190704345703,140.01089477539062,203.14999389648438,209.62478637695312,67.9000015258789,153.47129821777344,54.13999938964844,25.228551864624023,84.93486785888672,129.24391174316406,202.54046630859375,183.30514526367188,6.303429126739502
2024-12-26,212.62066650390625,165.30032348632812,125.05999755859375,129.69000244140625,705.6940307617188,9.920044898986816,242.27023315429688,72.0199966430664,101.53348541259766,20.440000534057617,64.06763458251953,73.17925262451172,55.73253631591797,611.297607421875,115.18014526367188,135.3000030517578,89.35914611816406,139.7213134765625,202.44000244140625,209.27442932128906,67.0199966430664,152.67193603515625,54.68000030517578,25.090961456298828,85.00067901611328,130.1190643310547,199.33050537109375,182.6288299560547,6.164790630340576
2024-12-27,211.57736206054688,164.58999633789062,125.19000244140625,129.1999969482422,703.456298828125,9.881817817687988,238.70570373535156,69.29000091552734,101.07661437988281,20.299999237060547,63.698177337646484,72.59573364257812,55.60862350463867,604.2658081054688,113.0997314453125,133.5399932861328,88.17523193359375,136.8056640625,200.0500030517578,208.02874755859375,66.01000213623047,151.42962646484375,54.2400016784668,25.041820526123047,84.7468490600586,127.83174133300781,197.92677307128906,182.10491943359375,6.137063026428223
2024-12-30,207.25787353515625,161.4427947998047,122.44000244140625,125.91000366210938,686.2639770507812,9.700236320495605,232.61341857910156,69.5999984741211,98.86180114746094,19.81999969482422,62.5947265625,71.35941314697266,54.445735931396484,595.34033203125,111.14869689941406,129.8699951171875,84.98255157470703,137.2849578857422,197.17999267578125,201.9074249267578,63.459999084472656,148.86790466308594,53.599998474121094,24.54058837890625,83.12055206298828,126.00186920166016,196.7095489501953,179.03778076171875,6.016910076141357
2024-12-31,207.16036987304688,160.44638061523438,120.79000091552734,123.36000061035156,683.2376098632812,9.623781204223633,228.92050170898438,67.20999908447266,98.38507080078125,20.049999237060547,62.24700927734375,71.43855285644531,54.664974212646484,584.7657470703125,109.94422912597656,129.91000366210938,83.83696746826172,134.08973693847656,196.9499969482422,202.2772216796875,63.04999923706055,147.9434051513672,52.86000061035156,24.54058837890625,83.3649673461914,125.22616577148438,193.8628387451172,178.60914611816406,5.998424530029297
2025-01-02,206.07806396484375,161.66970825195312,120.62999725341797,128.1999969482422,690.4732666015625,9.575997352600098,229.0587158203125,70.93000030517578,96.56754302978516,20.219999313354492,62.88911819458008,71.646240234375,54.21697998046875,587.2562255859375,113.04000091552734,129.42999267578125,86.99480438232422,138.10374450683594,202.8300018310547,200.6811981201172,61.709999084472656,147.96263122558594,53.5,23.882110595703125,83.14874267578125,125.86265563964844,197.877685546875,178.0757293701172,6.03539514541626
2025-01-03,209.99774169921875,167.776611328125,125.37000274658203,141.0800018310547,704.2153930664062,9.757577896118164,229.62156677246094,72.38999938964844,99.91458892822266,20.559999465942383,64.90336608886719,74.2869873046875,54.969993591308594,612.6055908203125,117.63883209228516,136.52999877929688,89.52505493164062,144.25454711914062,204.63999938964844,203.26014709472656,63.90999984741211,151.99781799316406,55.150001525878906,23.99022102355957,83.52477264404297,129.88040161132812,204.77857971191406,181.4667205810547,6.0723652839660645
2025-01-06,212.56216430664062,175.0970001220703,129.5500030517578,147.41000366210938,757.5963745117188,10.168524742126465,233.4329376220703,76.63999938964844,101.81157684326172,19.8700008392334,68.19194793701172,77.12554168701172,55.56096267700195,623.7039794921875,118.46503448486328,139.58999633789062,98.8790054321289,149.20716857910156,214.6199951171875,207.6881561279297,64.51000213623047,153.94317626953125,57.349998474121094,25.749439239501953,85.46131134033203,139.2285919189453,215.96917724609375,183.05746459960938,6.12782096862793
2025-01-07,210.48529052734375,175.4324188232422,127.33000183105469,144.3800048828125,746.821533203125,10.378774642944336,225.76080322265625,75.27999877929688,100.34165954589844,20.010000228881836,68.09317016601562,76.67058563232422,54.77935791015625,617.5469970703125,115.69778442382812,135.4499969482422,101.51883697509766,139.93101501464844,216.41000366210938,206.8804168701172,62.72999954223633,154.58843994140625,56.529998779296875,25.955825805664062,87.10643005371094,138.0550994873047,207.53697204589844,183.08604431152344,5.905998706817627
2025-01-08,214.94129943847656,174.61355590820312,121.83999633789062,145.1999969482422,733.4146728515625,10.283206939697266,226.42234802246094,73.0199966430664,99.08030700683594,19.8799991607666,67.78691864013672,76.19583129882812,53.74038314819336,613.682861328125,117.6886215209961,135.5500030517578,99.0284423828125,139.9010467529297,219.7100067138672,204.0970916748047,58.310001373291016,153.20162963867188,57.08000183105469,24.845258712768555,87.0782241821289,136.39427185058594,203.31594848632812,182.56214904785156,5.915241718292236
2025-01-10,207.07257080078125,169.34524536132812,116.04000091552734,140.49000549316406,728.5151977539062,10.02517032623291,221.48532104492188,73.80000305175781,98.24602508544922,19.149999618530273,67.47673034667969,73.83202362060547,52.60609817504883,584.3011474609375,113.85429382324219,132.8800048828125,98.95869445800781,135.70733642578125,217.72000122070312,201.2067108154297,53.939998626708984,151.17922973632812,56.22999954223633,24.127811431884766,84.79386138916016,133.4307098388672,204.54298400878906,181.12384033203125,5.684177398681641
2025-01-13,207.63812255859375,168.5658721923828,117.31999969482422,137.07000732421875,717.0799560546875,9.690679550170898,222.4530029296875,69.04000091552734,97.59053802490234,19.200000762939453,68.2601089477539,73.63421630859375,53.292388916015625,580.4666748046875,114.68091583251953,130.60000610351562,94.69512939453125,133.0313262939453,217.85000610351562,201.28457641601562,55.869998931884766,151.3236846923828,56.04999923706055,23.567615509033203,84.92546844482422,132.48594665527344,197.66172790527344,182.0192108154297,5.7303900718688965
2025-01-14,209.29571533203125,171.3184051513672,116.08999633789062,140.05999755859375,725.8338623046875,9.700236320495605,221.87039184570312,69.38999938964844,98.82207489013672,19.200000762939453,69.2746353149414,74.2375259399414,54.21697998046875,582.9473266601562,114.73069763183594,136.2100067138672,96.98629760742188,131.56349182128906,228.9199981689453,204.9827117919922,55.18000030517578,153.635009765625,56.650001525878906,23.921424865722656,86.08174896240234,133.440673828125,197.7500762939453,184.31480407714844,5.822815895080566
2025-01-15,212.7766876220703,175.9849090576172,119.95999908447266,147.39999389648438,715.98583984375,9.920044898986816,225.12884521484375,75.4800033569336,101.23552703857422,19.719999313354492,70.75543975830078,75.31559753417969,54.33135223388672,595.3502197265625,115.52745056152344,140.88999938964844,102.79393005371094,136.03683471679688,232.66000366210938,207.83412170410156,55.22999954223633,158.3346710205078,58.900001525878906,24.226093292236328,86.74920654296875,134.1865234375,203.0018310546875,188.1344451904297,5.869028568267822
2025-01-16,209.656494140625,183.97613525390625,118.44000244140625,147.52000427246094,739.6253662109375,10.044283866882324,226.52110290527344,75.5999984741211,104.19522094726562,19.670000076293945,73.81879425048828,78.3519515991211,53.55928039550781,589.6676025390625,117.10101318359375,142.77000427246094,102.2061767578125,133.3708038330078,242.3300018310547,205.1092071533203,53.5099983215332,155.46478271484375,59.66999816894531,24.265405654907227,85.95954895019531,136.81199645996094,210.8450469970703,178.47581481933594,5.739632606506348
2025-01-17,213.69320678710938,189.4713592529297,121.45999908447266,149.25999450683594,745.58935546875,10.053842544555664,234.44998168945312,80.0199966430664,105.65520477294922,21.489999771118164,74.82740020751953,79.42012023925781,55.255950927734375,618.4859619140625,124.25177001953125,145.41000366210938,105.34408569335938,137.50462341308594,244.91000366210938,209.58587646484375,54.630001068115234,158.4791259765625,61.91999816894531,24.933712005615234,88.0276870727539,137.6374053955078,207.61550903320312,183.28607177734375,5.804330825805664
2025-01-21,215.92611694335938,190.2803497314453,122.27999877929688,155.1999969482422,752.1646728515625,10.474344253540039,237.28382873535156,81.5199966430664,106.00281524658203,21.770000457763672,75.79253387451172,80.60696411132812,55.770660400390625,631.00732421875,123.2757568359375,148.77999877929688,108.96016693115234,140.61997985839844,258.489990234375,209.11874389648438,55.61000061035156,161.08900451660156,63.04999923706055,25.30717658996582,88.32850646972656,131.57101440429688,214.68324279785156,185.9626922607422,5.573266506195068
2025-01-22,218.49049377441406,192.88490295410156,123.75,179.92999267578125,755.822021484375,10.531685829162598,237.8762664794922,85.5,106.45968627929688,21.860000610351562,76.25386810302734,82.33779907226562,55.742069244384766,681.3405151367188,124.6999282836914,147.3699951171875,108.81072998046875,146.85069274902344,256.8800048828125,210.29627990722656,56.029998779296875,163.94924926757812,64.5,25.0123348236084,86.4859848022461,134.05722045898438,219.10061645507812,187.69630432128906,5.286746978759766
2025-01-23,222.6540069580078,188.1394805908203,123.04000091552734,166.55999755859375,735.642578125,10.445673942565918,237.2542266845703,84.18000030517578,105.15860748291016,21.56999969482422,75.1711654663086,80.33992767333984,56.78103256225586,690.6007080078125,125.54646301269531,146.02999877929688,104.43758392333984,147.00047302246094,251.80999755859375,213.98471069335938,56.2599983215332,167.91700744628906,63.900001525878906,25.34649085998535,86.97480773925781,131.10360717773438,220.49453735351562,191.08731079101562,5.397658348083496
2025-01-24,211.94786071777344,184.24249267578125,122.83999633789062,162.52000427246094,721.8513793945312,10.378774642944336,241.61856079101562,80.47000122070312,103.48011779785156,20.829999923706055,74.07169342041016,78.8069076538086,53.74991989135742,670.4793090820312,123.51477813720703,144.1699981689453,102.79393005371094,142.4073028564453,252.3800048828125,207.70761108398438,54.5,165.75013732910156,62.970001220703125,24.92388343811035,85.73393249511719,129.20411682128906,217.80484008789062,176.71359252929688,5.259019374847412
2025-01-27,210.04652404785156,172.22605895996094,115.01000213623047,145.9600067138672,680.3491821289062,9.298847198486328,199.58465576171875,55.599998474121094,97.84876251220703,20.290000915527344,69.41788482666016,74.80128479003906,54.550594329833984,593.7491455078125,99.9212875366211,122.30999755859375,90.7602767944336,118.24339294433594,222.4199981689453,209.3134002685547,53.939998626708984,164.85450744628906,57.959999084472656,24.746980667114258,84.22042083740234,119.6072998046875,188.7779541015625,178.1519317626953,5.268261909484863
2025-01-28,204.293701171875,170.52914428710938,114.16999816894531,149.47000122070312,673.6456909179688,9.384859085083008,204.74879455566406,58.150001525878906,96.6966552734375,19.799999237060547,69.4386215209961,73.69356536865234,53.64506912231445,610.33251953125,103.45681762695312,123.91999816894531,87.91126251220703,128.79763793945312,229.08999633789062,207.70761108398438,53.869998931884766,165.21083068847656,60.130001068115234,24.157299041748047,84.42723083496094,121.27804565429688,198.68263244628906,171.99859619140625,5.314475059509277
2025-01-29,204.67396545410156,172.92649841308594,117.3499984741211,147.60000610351562,702.5296630859375,9.394415855407715,203.75146484375,58.790000915527344,97.432373046875,19.75,70.4314193725586,74.32654571533203,53.40676498413086,611.5086059570312,106.35497283935547,126.9000015258789,88.66835021972656,123.5155258178711,232.3800048828125,207.29885864257812,53.77000045776367,165.36492919921875,59.290000915527344,24.314544677734375,84.75626373291016,121.37749481201172,198.61392211914062,171.7128448486328,5.305232048034668
2025-01-30,207.10183715820312,179.28004455566406,118.86000061035156,153.22999572753906,726.5240478515625,9.63333797454834,212.94424438476562,64.5999984741211,101.14077758789062,20.010000228881836,73.34164428710938,79.84540557861328,52.5775032043457,629.3174438476562,109.88054656982422,130.86000061035156,92.14495086669922,124.464111328125,242.00999450683594,205.72232055664062,53.27000045776367,165.57676696777344,61.209999084472656,22.132722854614258,84.04180908203125,114.44590759277344,204.3270263671875,176.47547912597656,5.397658348083496
2025-01-31,206.60458374023438,177.92845153808594,115.94999694824219,159.5500030517578,728.81103515625,9.700236320495605,218.4835968017578,70.0199966430664,100.95186614990234,19.43000030517578,72.927734375,80.16189575195312,51.75776290893555,629.9005737304688,112.40023040771484,132.25,90.88978576660156,119.89093780517578,245.17999267578125,202.95848083496094,52.34000015258789,166.53982543945312,61.619998931884766,22.063926696777344,83.44017028808594,115.1520004272461,205.47555541992188,177.1471710205078,5.342202663421631
2025-02-03,200.1204376220703,176.39927673339844,114.2699966430664,155.64999389648438,720.67822265625,9.413530349731445,214.98817443847656,71.80999755859375,98.88391876220703,19.3799991607666,73.12234497070312,79.31131744384766,49.81327438354492,621.4111328125,113.09739685058594,132.33999633789062,89.57484436035156,116.48603820800781,242.16000366210938,199.24087524414062,50.2599983215332,163.94924926757812,60.349998474121094,21.267854690551758,80.11235046386719,110.4778823852539,196.13040161132812,173.6255340576172,5.564023971557617
2025-02-04,200.8712158203125,176.16246032714844,119.5,162.1999969482422,721.0232543945312,9.442200660705566,219.62899780273438,76.25,100.60388946533203,19.290000915527344,74.02228546142578,79.03439331054688,50.137359619140625,648.5987548828125,109.24317169189453,132.60000610351562,90.31201934814453,118.47305297851562,241.50999450683594,196.9733428955078,50.58000183105469,166.64578247070312,64.44000244140625,21.985301971435547,81.19342041015625,111.05469512939453,200.3023223876953,173.26089477539062,5.564023971557617
2025-02-05,204.5666961669922,178.24415588378906,112.01000213623047,173.25999450683594,732.0444946289062,9.642894744873047,229.07847595214844,79.58999633789062,103.29820251464844,19.649999618530273,74.99335479736328,81.04215240478516,50.99522018432617,646.2071533203125,115.98558044433594,135.72999572753906,93.24072265625,124.64383697509766,248.60000610351562,207.52272033691406,51.720001220703125,169.361572265625,67.75,21.916505813598633,81.86085510253906,111.98951721191406,204.7393035888672,174.249267578125,5.591752052307129
2025-02-06,202.64584350585938,180.34555053710938,110.16000366210938,167.47000122070312,728.6336669921875,9.662009239196777,228.44654846191406,79.63999938964844,108.89558410644531,19.3799991607666,75.25711059570312,81.92239379882812,50.62348556518555,653.1548461914062,118.7542495727539,129.5,94.17711639404297,128.4880828857422,253.75999450683594,211.0067138671875,52.439998626708984,163.06326293945312,67.27999877929688,22.36859703063965,61.66825866699219,113.44146728515625,206.6338653564453,175.87094116210938,5.5825090408325195
2025-02-07,200.09120178222656,177.58314514160156,107.55999755859375,162.50999450683594,717.365966796875,9.671566009521484,222.03826904296875,77.27999877929688,105.90300750732422,19.100000381469727,73.86225891113281,81.42786407470703,49.46060562133789,711.809326171875,110.16937255859375,127.20999908447266,91.94573211669922,129.6463623046875,251.3699951171875,207.2210235595703,51.25,161.75350952148438,67.0,22.083581924438477,61.752872467041016,112.6061019897461,202.33432006835938,172.72352600097656,5.573266506195068
2025-02-10,199.74993896484375,181.19398498535156,110.4800033569336,160.83999633789062,733.5133056640625,9.82447624206543,232.0802001953125,77.08000183105469,106.1117935180664,19.770000457763672,74.23369598388672,82.81254577636719,49.61310958862305,697.0936889648438,112.34049224853516,122.75,95.5617904663086,133.3708038330078,253.3000030517578,204.41824340820312,47.040000915527344,165.02784729003906,67.16999816894531,22.142553329467773,60.76580047607422,113.4315185546875,204.1306915283203,173.02099609375,5.637964248657227
2025-02-11,198.3848419189453,180.7401885986328,111.0999984741211,157.74000549316406,743.8564453125,9.872260093688965,232.0802001953125,73.55999755859375,105.1275405883789,20.969999313354492,74.94100189208984,82.3476791381836,50.11829376220703,690.837890625,108.67547607421875,122.2699966430664,93.7188949584961,132.6019744873047,249.08999633789062,205.3135986328125,47.93000030517578,165.63458251953125,64.72000122070312,22.506187438964844,61.320438385009766,112.09890747070312,204.9062042236328,172.0038604736328,5.610237121582031
2025-02-12,200.01318359375,178.46121215820312,111.72000122070312,155.41000366210938,747.0078125,9.786248207092285,233.37371826171875,71.3499984741211,107.1457748413086,22.479999542236328,74.14379119873047,80.67620086669922,51.328834533691406,691.2628784179688,104.99054718017578,121.87000274658203,91.32809448242188,130.9444122314453,245.42999267578125,213.8970947265625,50.060001373291016,163.99737548828125,63.06999969482422,23.115524291992188,62.222904205322266,110.92540740966797,202.5895233154297,172.7139434814453,5.573266506195068
2025-02-13,204.1181640625,181.79579162597656,111.80999755859375,164.8300018310547,767.5755004882812,10.3309907913208,232.83062744140625,70.4800033569336,108.21953582763672,24.1299991607666,75.5001220703125,82.38724517822266,51.71963882446289,691.78662109375,103.07837677001953,122.08999633789062,95.2928237915039,135.08824157714844,269.0,213.7024383544922,50.91999816894531,165.78866577148438,62.599998474121094,23.49881935119629,62.21350860595703,112.2182388305664,198.12310791015625,173.49119567871094,5.822815895080566
2025-02-14,209.2567138671875,166.92816162109375,113.0999984741211,159.5399932861328,742.4437866210938,10.397890090942383,230.10537719726562,70.69999694824219,106.49955749511719,23.600000381469727,74.16256713867188,81.84327697753906,53.149410247802734,676.9031372070312,106.07611083984375,123.12000274658203,99.13800048828125,138.64292907714844,267.9700012207031,218.13046264648438,51.83000183105469,165.86569213867188,62.959999084472656,24.05901527404785,61.97848892211914,112.74588775634766,200.1550750732422,175.6310577392578,5.785845756530762
2025-02-18,214.726806640625,169.69058227539062,114.27999877929688,160.32000732421875,735.2025146484375,10.541241645812988,225.65216064453125,75.23999786376953,106.82763671875,27.389999389648438,74.9044418334961,85.63130187988281,55.151092529296875,682.6747436523438,106.85294342041016,124.51000213623047,106.38009643554688,139.19210815429688,273.07000732421875,222.72390747070312,51.95000076293945,167.22360229492188,68.58999633789062,23.99022102355957,63.00315856933594,114.5677490234375,199.01638793945312,178.9224090576172,5.896756649017334
2025-02-19,235.63198852539062,171.722900390625,114.69000244140625,154.36000061035156,735.7755126953125,10.856619834899902,225.8496551513672,71.76000213623047,107.36450958251953,25.719999313354492,76.53441619873047,86.69947052001953,60.61282730102539,684.394287109375,110.58765411376953,123.73999786376953,103.95942687988281,139.02236938476562,273.0799865722656,238.99562072753906,55.52000045776367,168.74520874023438,66.33000183105469,26.014795303344727,63.567203521728516,115.38409423828125,197.25924682617188,188.38380432128906,5.9799394607543945
2025-02-20,237.73809814453125,174.0466766357422,114.16999816894531,150.85000610351562,734.0863647460938,10.684596061706543,223.8847198486328,71.27999877929688,106.63874816894531,26.09000015258789,76.81891632080078,88.04457092285156,61.289588928222656,681.7258911132812,108.26715850830078,124.01000213623047,102.7839584350586,139.9010467529297,273.6499938964844,239.26812744140625,55.7400016784668,167.28138732910156,64.94999694824219,27.734697341918945,63.28517532348633,118.02229309082031,196.42486572265625,195.71493530273438,6.053880214691162
2025-02-21,232.95059204101562,170.0616455078125,110.83999633789062,144.83999633789062,728.2775268554688,10.455230712890625,215.90647888183594,66.77999877929688,103.48709106445312,24.8700008392334,74.51424407958984,85.07743835449219,58.21080780029297,653.3327026367188,103.3871078491211,120.6500015258789,98.46061706542969,134.22950744628906,268.8299865722656,230.1785430908203,54.04999923706055,159.3169708251953,62.72999954223633,27.11553382873535,63.181766510009766,115.39405822753906,194.59902954101562,193.8341827392578,5.989181995391846
2025-02-24,231.07847595214844,166.68968200683594,108.11000061035156,140.52999877929688,727.0426635742188,10.149410247802734,205.3115997314453,60.224998474121094,101.70745849609375,24.270000457763672,73.02615356445312,82.42679595947266,58.41728210449219,645.0902709960938,97.51115417480469,119.2699966430664,95.0438003540039,130.08572387695312,259.1499938964844,226.89891052246094,53.400001525878906,155.14700317382812,60.15999984741211,26.938627243041992,63.20076370239258,113.07442474365234,188.13006591796875,192.6251220703125,6.016910076141357
2025-02-25,229.43064880371094,163.69346618652344,103.95999908447266,136.6999969482422,721.3426513671875,10.158967018127441,199.98947143554688,56.970001220703125,100.6734848022461,22.989999771118164,71.77861785888672,79.41022491455078,57.78345489501953,643.68701171875,92.62114715576172,116.30999755859375,92.86219024658203,126.44114685058594,250.42999267578125,222.43194580078125,51.220001220703125,155.26255798339844,57.43000030517578,26.53567886352539,62.830284118652344,110.8543472290039,185.89195251464844,191.89585876464844,5.998424530029297
2025-02-26,227.89976501464844,166.63034057617188,104.73999786376953,138.97000122070312,737.8798217773438,10.359662055969238,210.25848388671875,61.290000915527344,102.92040252685547,23.520000457763672,73.12019348144531,80.4091567993164,57.39932632446289,663.7095947265625,94.5134048461914,118.69999694824219,97.3349609375,131.08424377441406,252.64999389648438,223.22999572753906,50.54999923706055,156.11004638671875,58.560001373291016,25.710126876831055,63.43825912475586,114.29894256591797,191.04551696777344,190.22621154785156,6.100092887878418
2025-02-27,218.26625061035156,154.89276123046875,99.51000213623047,130.33999633789062,689.246337890625,9.585553169250488,195.3091583251953,52.599998474121094,96.91539001464844,23.09000015258789,69.22319030761719,75.33536529541016,54.85442352294922,602.2384643554688,87.29293060302734,112.75,91.46755981445312,119.97081756591797,239.14999389648438,211.05540466308594,47.380001068115234,148.7330780029297,53.90999984741211,24.03936004638672,60.91136932373047,108.32565307617188,177.76402282714844,183.5667266845703,5.896756649017334
2025-02-28,224.32131958007812,156.3068084716797,99.86000061035156,131.69000244140625,700.4883422851562,9.681122779846191,196.9186248779297,55.18000030517578,100.63372039794922,23.729999542236328,70.18161010742188,75.89911651611328,56.52540969848633,603.8494262695312,91.44595336914062,115.66000366210938,93.2706069946289,124.73370361328125,239.17999267578125,209.80970764160156,47.04999923706055,151.36221313476562,55.88999938964844,24.265405654907227,63.32426452636719,109.3709716796875,177.21429443359375,188.06715393066406,5.961454391479492
2025-03-03,222.82949829101562,150.43304443359375,98.2300033569336,121.0999984741211,691.3800659179688,9.308404922485352,185.01048278808594,50.41999816894531,96.06036376953125,22.739999771118164,68.43013000488281,74.94964599609375,55.65150833129883,572.135498046875,85.48035430908203,108.9800033569336,90.19247436523438,113.88990020751953,228.07000732421875,210.72450256347656,44.90999984741211,147.9434051513672,52.869998931884766,23.81331443786621,62.26980972290039,105.30913543701172,169.79315185546875,186.53182983398438,5.933726787567139
2025-03-04,221.49765014648438,151.164794921875,100.75,122.48999786376953,699.6387939453125,9.537769317626953,185.1190948486328,54.31999969482422,97.78034210205078,21.329999923706055,69.20735168457031,75.6024169921875,55.8339729309082,581.2573852539062,87.97016906738281,109.76000213623047,90.84994506835938,115.81702423095703,223.52000427246094,205.4984893798828,44.4900016784668,148.75234985351562,53.29999923706055,23.47916030883789,62.71629333496094,106.752685546875,176.69403076171875,186.96363830566406,6.146306037902832
2025-03-05,224.7195281982422,153.58749389648438,101.66999816894531,124.77999877929688,730.7867431640625,9.834033012390137,189.16749572753906,46.72999954223633,101.7870101928711,20.809999465942383,70.8717041015625,78.41976928710938,57.274478912353516,605.015625,89.77279663085938,111.62000274658203,93.97787475585938,117.12506866455078,227.3300018310547,210.95806884765625,46.4900016784668,152.63345336914062,53.95000076293945,25.140100479125977,64.01773071289062,109.71941375732422,180.89544677734375,187.6641387939453,6.2849440574646
2025-03-06,218.1582489013672,149.84962463378906,98.8499984741211,117.91999816894531,706.1785888671875,9.46131420135498,177.1902313232422,42.06999969482422,99.68922424316406,20.75,68.52716827392578,75.86033630371094,55.949214935302734,559.0704956054688,71.98554229736328,104.0,88.9273452758789,110.40511322021484,215.6199951171875,208.7197265625,43.880001068115234,151.08424377441406,52.58000183105469,25.46442413330078,63.58074951171875,104.92088317871094,172.6202392578125,181.6859588623047,6.155548095703125
2025-03-07,221.18426513671875,153.9434356689453,100.30999755859375,125.55000305175781,723.3479614257812,9.604668617248535,192.50491333007812,43.70000076293945,102.33382415771484,20.639999389648438,70.4241714477539,78.38009643554688,57.39932632446289,589.7959594726562,70.55142211914062,102.75,92.60317993164062,112.52194213867188,226.02000427246094,216.5928192138672,45.400001525878906,156.0997314453125,54.880001068115234,26.054105758666992,68.97651672363281,108.05685424804688,173.84730529785156,182.81826782226562,6.2387309074401855
2025-03-10,211.78298950195312,148.3169403076172,96.62999725341797,116.37999725341797,674.8330688476562,9.145936965942383,182.12725830078125,39.45000076293945,97.02474212646484,19.93000030517578,67.16380310058594,73.22154998779297,51.329994201660156,574.774169921875,65.40248107910156,96.87999725341797,86.7457504272461,106.82044982910156,212.69000244140625,203.2406768798828,44.15999984741211,150.05792236328125,51.97999954223633,24.619213104248047,68.44454193115234,104.50274658203125,167.51576232910156,178.95118713378906,6.266458988189697
2025-03-11,204.75164794921875,145.35040283203125,96.76000213623047,111.48999786376953,681.8470458984375,9.050369262695312,187.69625854492188,43.36000061035156,93.30640411376953,19.780000686645508,65.7638168334961,72.7751235961914,50.16799545288086,563.6658935546875,66.88642120361328,100.93000030517578,88.70820617675781,108.59780883789062,211.63999938964844,200.2821807861328,42.86000061035156,148.23760986328125,51.54999923706055,24.4914493560791,64.81570434570312,86.68241882324219,167.82989501953125,170.1710662841797,6.164790630340576
2025-03-12,202.3425750732422,147.3972930908203,100.79000091552734,112.69999694824219,694.8475341796875,9.289290428161621,191.78411865234375,47.529998779296875,94.75794982910156,20.68000030517578,67.36479949951172,75.9793701171875,49.84147644042969,576.1578369140625,69.56544494628906,106.97000122070312,95.27288818359375,115.57803344726562,224.75,198.9683837890625,42.849998474121094,147.9471435546875,52.54999923706055,24.167123794555664,64.4547119140625,86.35388946533203,173.91603088378906,168.59735107421875,6.11857795715332
2025-03-13,199.58094787597656,148.27735900878906,98.11000061035156,112.05000305175781,686.1739501953125,9.107709884643555,188.9502410888672,44.95000076293945,93.87310791015625,23.700000762939453,67.47469329833984,74.65998077392578,49.83186721801758,564.5159301757812,68.47988891601562,104.20999908447266,94.51582336425781,115.41825103759766,215.22000122070312,195.63035583496094,42.150001525878906,147.11447143554688,51.95000076293945,23.508647918701172,63.82775115966797,84.9501724243164,168.43850708007812,166.58224487304688,5.9799394607543945
2025-03-14,204.428466796875,153.92369079589844,100.97000122070312,117.94000244140625,705.3487548828125,9.231948852539062,193.07762145996094,49.150001525878906,97.80023193359375,24.049999237060547,70.59349060058594,78.0626449584961,51.378013610839844,598.95751953125,68.45996856689453,109.06999969482422,100.40313720703125,121.49972534179688,219.1300048828125,200.63253784179688,43.189998626708984,151.6071014404297,54.43000030517578,24.432483673095703,65.92715454101562,86.35388946533203,170.89259338378906,169.2882537841797,6.275701522827148
2025-03-17,207.29783630371094,153.72593688964844,104.58999633789062,121.37000274658203,721.48095703125,9.337075233459473,192.05072021484375,47.02000045776367,100.21615600585938,25.690000534057617,71.11724090576172,77.68567657470703,53.06820297241211,633.1322021484375,70.11321258544922,110.44000244140625,102.71421813964844,119.36272430419922,206.27000427246094,204.20413208007812,44.04999923706055,152.93357849121094,54.5099983215332,24.94353675842285,67.04810333251953,89.76862335205078,173.0030975341797,172.7139434814453,6.19251823425293
2025-03-18,204.8300018310547,151.79766845703125,103.51000213623047,119.72000122070312,722.25146484375,9.317961692810059,186.29412841796875,44.06999969482422,99.56993103027344,25.920000076293945,70.29645538330078,76.74324798583984,52.05024719238281,614.9971923828125,68.00184631347656,107.30000305175781,101.3295669555664,115.2684555053711,198.25,201.54736328125,43.41999816894531,151.3262939453125,54.33000183105469,25.199068069458008,67.33309173583984,88.47441864013672,170.61239624023438,172.19577026367188,6.312671661376953
2025-03-19,205.6232147216797,152.73707580566406,106.2300033569336,117.91000366210938,726.00537109375,9.337075233459473,193.10723876953125,46.77000045776367,99.78865051269531,24.1200008392334,71.24793243408203,77.30870056152344,52.40557098388672,622.4588012695312,69.5256118774414,109.91999816894531,101.66825103759766,117.35552978515625,195.47000122070312,202.81283569335938,43.58000183105469,153.23373413085938,56.959999084472656,25.041820526123047,66.54462432861328,88.11601257324219,171.23321533203125,174.39320373535156,6.340399742126465
2025-03-20,201.63748168945312,152.65797424316406,107.13999938964844,119.06999969482422,725.1657104492188,9.394415855407715,188.70989990234375,46.4900016784668,98.47628784179688,23.959999084472656,70.93606567382812,76.93173217773438,48.977169036865234,601.8827514648438,70.20284271240234,108.6500015258789,102.60464477539062,118.3641128540039,200.9600067138672,198.17723083496094,43.20000076293945,152.93357849121094,56.81999969482422,23.980392456054688,64.96768951416016,87.78748321533203,174.88926696777344,173.37603759765625,6.220245838165283
2025-03-21,200.16854858398438,150.42315673828125,106.44000244140625,119.06999969482422,707.5418701171875,9.317961692810059,189.81910705566406,46.34000015258789,95.79193878173828,24.260000228881836,69.94894409179688,75.23536682128906,49.66861343383789,584.0541381835938,70.1032485961914,106.88999938964844,94.3564224243164,117.5352783203125,196.75999450683594,196.2212677001953,43.779998779296875,151.83949279785156,56.720001220703125,23.597097396850586,63.884735107421875,87.12047576904297,174.16001892089844,171.76397705078125,6.201760768890381
2025-03-24,207.9441375732422,153.2216033935547,113.8499984741211,124.8499984741211,719.0210571289062,9.442200660705566,189.41305541992188,50.529998779296875,97.75052642822266,24.219999313354492,72.05189514160156,77.36821746826172,51.75254440307617,620.5711669921875,72.46360778808594,112.83999633789062,96.56790924072266,121.24009704589844,203.74000549316406,206.470458984375,45.68000030517578,154.9959259033203,58.869998931884766,23.901765823364258,65.566162109375,90.59492492675781,178.52561950683594,178.0108184814453,6.275701522827148
2025-03-25,209.15847778320312,151.92620849609375,114.80999755859375,124.27999877929688,717.9344482421875,9.327518463134766,186.4517822265625,49.18000030517578,93.67427062988281,24.200000762939453,71.46971130371094,77.05077362060547,50.28322982788086,625.5521240234375,71.3780288696289,112.23999786376953,93.8185043334961,120.52110290527344,201.3699951171875,206.67584228515625,45.310001373291016,155.063720703125,58.939998626708984,23.71434211730957,64.80620574951172,89.54960632324219,178.26937866210938,176.5330352783203,6.211003303527832
2025-03-26,206.171630859375,148.99923706054688,110.19000244140625,114.93000030517578,697.2086181640625,9.079039573669434,177.54812622070312,44.95000076293945,91.90458679199219,23.420000076293945,69.85487365722656,75.53297424316406,50.100765228271484,593.4329223632812,66.488037109375,105.6500015258789,91.77637481689453,113.60079956054688,201.0399932861328,201.21873474121094,45.040000915527344,153.359619140625,56.63999938964844,22.76734733581543,64.21722412109375,87.61824798583984,170.97698974609375,177.03204345703125,6.109335899353027
2025-03-27,204.61453247070312,146.03268432617188,106.6500015258789,112.47000122070312,682.2619018554688,8.86878776550293,170.3380584716797,42.43000030517578,92.0040054321289,23.6200008392334,69.30638122558594,74.21356964111328,48.7755012512207,594.3915405273438,64.59577941894531,101.9000015258789,90.81009674072266,111.27406311035156,192.8300018310547,195.654052734375,43.7599983215332,152.9529571533203,55.439998626708984,22.570056915283203,62.98228073120117,85.29861450195312,165.7935028076172,173.4528045654297,6.137063026428223
2025-03-28,197.3873291015625,143.44190979003906,103.22000122070312,107.80000305175781,666.4063720703125,8.41005802154541,167.49560546875,40.5099983215332,88.22600555419922,22.709999084472656,66.6925277709961,72.03112030029297,46.76839828491211,573.0941772460938,61.78726577758789,98.47000122070312,88.10054779052734,109.51652526855469,186.42999267578125,185.8058319091797,40.939998626708984,147.86968994140625,53.70000076293945,21.849943161010742,60.91136932373047,82.4115219116211,162.84695434570312,169.20188903808594,6.053880214691162
2025-03-31,197.4950408935547,143.50125122070312,102.73999786376953,106.79000091552734,654.6012573242188,8.371829986572266,165.8218536376953,40.15999984741211,86.97330474853516,22.709999084472656,67.30638122558594,72.12039184570312,46.48989486694336,574.7291870117188,61.319183349609375,100.37999725341797,86.66918182373047,108.22832489013672,184.3300018310547,185.87428283691406,40.689998626708984,148.73143005371094,51.779998779296875,21.662517547607422,61.395843505859375,82.23231506347656,163.5860595703125,172.43565368652344,6.608434200286865
2025-04-01,195.0565948486328,144.0352325439453,102.77999877929688,106.9800033569336,659.2542724609375,8.59163761138916,166.90138244628906,41.720001220703125,85.70072174072266,22.049999237060547,67.56974792480469,72.2493667602539,46.576332092285156,576.2156372070312,62.41469955444336,101.33000183105469,88.48455047607422,109.995849609375,184.89999389648438,185.81561279296875,40.20000076293945,148.189208984375,52.290000915527344,21.484956741333008,61.386348724365234,82.24227142333984,166.1876678466797,170.79478454589844,6.451310157775879
2025-04-02,195.45811462402344,146.10191345214844,102.95999908447266,108.13999938964844,660.9039306640625,8.629865646362305,170.4370880126953,43.040000915527344,85.32292938232422,21.979999542236328,67.9390640258789,73.19178771972656,46.98927307128906,585.3025512695312,62.97241973876953,103.77999877929688,88.37483978271484,110.26547241210938,191.67999267578125,189.40475463867188,40.7599983215332,149.18650817871094,52.68000030517578,21.613195419311523,61.557342529296875,83.24778747558594,167.91221618652344,170.98672485351562,6.211003303527832
2025-04-03,177.13546752929688,133.99844360351562,93.80000305175781,97.72000122070312,615.668701171875,7.836644172668457,152.53074645996094,37.13999938964844,71.5233154296875,22.43000030517578,61.46682357788086,64.70002746582031,39.095306396484375,494.16522216796875,55.41333770751953,92.16999816894531,74.15106964111328,101.65753936767578,172.19000244140625,168.09466552734375,35.560001373291016,134.99209594726562,46.150001525878906,19.26543617248535,53.91967010498047,74.75574493408203,155.09141540527344,157.56224060058594,5.952211856842041
2025-04-04,161.1925048828125,125.53392791748047,85.76000213623047,87.70999908447266,598.2128295898438,7.330129623413086,144.8848876953125,33.29999923706055,65.01124572753906,19.850000381469727,57.08171081542969,58.61890411376953,34.78339767456055,473.0679931640625,49.228641510009766,89.66000366210938,64.55552673339844,94.17801666259766,162.02999877929688,157.26844787597656,33.70000076293945,123.41194152832031,43.130001068115234,18.23952293395996,50.13883590698242,68.41411590576172,144.66526794433594,145.2700958251953,5.758118152618408
2025-04-07,167.7929229736328,131.3681182861328,83.63999938964844,88.62999725341797,608.378173828125,7.253674507141113,152.6595001220703,35.90999984741211,66.45285034179688,19.56999969482422,59.86288070678711,61.704105377197266,36.579227447509766,484.19635009765625,50.79224395751953,89.81999969482422,68.19625091552734,97.50334167480469,170.61000061035156,159.69384765625,35.08000183105469,125.60016632080078,44.7599983215332,18.634105682373047,50.70880889892578,72.54563903808594,144.04443359375,147.77456665039062,5.665692329406738
2025-04-08,162.651611328125,127.5215072631836,78.20999908447266,85.81999969482422,588.1561279296875,7.091207504272461,154.53134155273438,35.29999923706055,62.55556106567383,18.1299991607666,59.35694122314453,59.7696533203125,33.938297271728516,451.0689697265625,49.82619094848633,87.63999938964844,65.37344360351562,96.16523742675781,166.72000122070312,150.1194305419922,31.950000762939453,120.70086669921875,42.900001525878906,17.53914451599121,46.73798370361328,67.6574935913086,139.31423950195312,140.10757446289062,5.656449317932129
2025-04-09,192.5593719482422,148.059814453125,96.83999633789062,106.58999633789062,678.9327392578125,7.979997634887695,183.37164306640625,43.27000045776367,78.02543640136719,21.530000686645508,69.63409423828125,70.5430679321289,43.119117736816406,556.75341796875,60.711673736572266,106.58999633789062,77.67211151123047,114.16999816894531,191.72999572753906,181.7765350341797,39.20000076293945,139.02963256835938,52.290000915527344,21.307395935058594,57.2540283203125,79.08638763427734,156.44146728515625,162.6479949951172,6.257216453552246
2025-04-10,174.66761779785156,136.697998046875,88.69999694824219,100.45999908447266,641.6796875,7.511710166931152,170.6450653076172,38.2400016784668,68.50093078613281,19.8799991607666,65.02522277832031,65.90038299560547,37.270668029785156,480.3216857910156,52.65462112426758,99.2699966430664,69.87198638916016,107.4194564819336,177.97999572753906,161.94317626953125,34.880001068115234,130.13150024414062,46.2400016784668,18.67356300354004,51.14578628540039,71.96822357177734,148.93231201171875,150.2694854736328,6.044637680053711
2025-04-11,175.4510498046875,143.3232421875,93.4000015258789,103.98999786376953,660.7063598632812,7.932212829589844,180.19248962402344,38.720001220703125,69.31617736816406,19.739999771118164,66.35787200927734,66.9420166015625,37.17462921142578,528.3032836914062,53.232913970947266,97.81999969482422,69.37324523925781,110.7747573852539,179.77999877929688,165.07269287109375,35.08000183105469,134.82748413085938,47.040000915527344,20.172975540161133,53.71067810058594,73.32215881347656,154.79579162597656,141.63330078125,6.349641799926758
2025-04-14,174.9026336669922,142.91781616210938,94.5,105.05999755859375,664.7171630859375,7.855758190155029,176.64688110351562,39.099998474121094,72.42803955078125,20.309999465942383,66.33312225341797,67.31898498535156,37.337890625,533.9220581054688,52.106239318847656,99.16000366210938,70.83950805664062,110.55506134033203,184.16000366210938,166.79393005371094,35.619998931884766,134.76939392089844,47.2400016784668,20.202566146850586,54.83163070678711,73.5312271118164,153.5738067626953,144.87667846679688,6.358884811401367
2025-04-15,175.82318115234375,143.82757568359375,95.29000091552734,103.80000305175781,674.8823852539062,8.056453704833984,177.231201171875,39.18000030517578,71.6823959350586,19.850000381469727,66.9509506225586,67.89436340332031,37.19384002685547,539.3226928710938,53.16312026977539,99.48999786376953,70.85946655273438,112.04297637939453,186.77999877929688,167.85015869140625,35.849998474121094,134.19813537597656,47.470001220703125,20.251890182495117,54.527645111083984,73.73033142089844,155.04214477539062,145.06857299804688,6.3866119384765625
2025-04-16,172.28790283203125,136.64854431152344,88.29000091552734,101.0,627.23681640625,7.846201419830322,172.93289184570312,37.720001220703125,67.20846557617188,19.229999542236328,63.5826530456543,64.62066650390625,36.44477462768555,520.1082153320312,51.77721405029297,97.2300033569336,69.15380859375,104.3437728881836,174.5399932861328,164.87709045410156,34.25,131.42897033691406,45.91999816894531,19.847444534301758,53.0647087097168,70.84325408935547,149.46444702148438,140.62574768066406,6.3311567306518555
2025-04-17,172.6208953857422,135.9267120361328,87.5,100.7300033569336,632.4033813476562,7.721961975097656,169.34767150878906,36.630001068115234,68.33191680908203,18.93000030517578,62.81434631347656,63.251670837402344,37.03057861328125,518.83984375,51.547889709472656,97.29000091552734,68.62516784667969,101.34796142578125,175.6199951171875,166.97976684570312,34.63999938964844,132.31973266601562,45.720001220703125,19.985546112060547,53.17870330810547,70.93285369873047,149.53343200683594,142.43936157226562,6.294186592102051
2025-04-21,171.3673858642578,134.04786682128906,85.55999755859375,96.83000183105469,617.1209106445312,7.655063629150391,164.61358642578125,34.86000061035156,67.12890625,18.84000015258789,61.4648551940918,61.89259338378906,37.8660774230957,503.5891418457031,49.23471450805664,95.41000366210938,66.57038879394531,96.77438354492188,172.8699951171875,167.72303771972656,34.7400016784668,131.8162384033203,44.04999923706055,19.738935470581055,53.93866729736328,69.4992446899414,145.70985412597656,139.72377014160156,6.211003303527832
2025-04-22,174.80471801757812,136.75732421875,86.26000213623047,100.55000305175781,630.9512939453125,7.798416614532471,167.95120239257812,37.02000045776367,68.92842864990234,19.510000228881836,63.00543212890625,62.97390365600586,38.69196701049805,507.186279296875,50.4710693359375,95.87000274658203,70.03157043457031,98.75160217285156,174.1300048828125,170.81344604492188,35.45000076293945,134.3336944580078,44.279998779296875,20.577423095703125,54.90762710571289,70.9726791381836,149.19834899902344,140.82725524902344,6.2849440574646
2025-04-23,179.31927490234375,141.97842407226562,90.38999938964844,105.16000366210938,650.007568359375,8.142464637756348,175.2108154296875,40.4900016784668,72.07012939453125,20.59000015258789,65.05987548828125,66.197998046875,40.26692199707031,532.1085205078125,53.61179733276367,100.9000015258789,72.74465942382812,102.5662612915039,181.86000061035156,176.8866424560547,36.619998931884766,135.99908447265625,45.939998626708984,21.484956741333008,55.72459030151367,72.854248046875,155.51515197753906,145.99935913085938,6.488280296325684
2025-04-24,191.18838500976562,148.49493408203125,94.47000122070312,112.01000213623047,666.8213500976562,8.276261329650879,186.3428192138672,42.38999938964844,79.2483139038086,21.489999771118164,68.25885772705078,70.3347396850586,45.25106430053711,575.4922485351562,57.16132354736328,105.68000030517578,77.2232437133789,106.28104400634766,196.75,189.30697631835938,39.959999084472656,142.53469848632812,49.36000061035156,23.02382469177246,58.42247009277344,76.95591735839844,161.79251098632812,155.57594299316406,6.3866119384765625
2025-04-25,190.56161499023438,149.85951232910156,96.6500015258789,113.33999633789062,669.0639038085938,8.371829986572266,190.462890625,43.68000030517578,80.26240539550781,20.049999237060547,68.772705078125,70.85060119628906,45.030181884765625,578.435302734375,58.74664306640625,106.27999877929688,79.57725524902344,110.85466003417969,196.64999389648438,189.28741455078125,39.630001068115234,143.841796875,50.939998626708984,22.964637756347656,58.44147491455078,76.77671813964844,162.69915771484375,156.2764434814453,6.358884811401367
2025-04-28,189.7096405029297,149.1079864501953,96.38999938964844,112.08000183105469,666.6666870117188,8.352716445922852,190.62135314941406,43.040000915527344,79.38749694824219,20.510000228881836,68.68460083007812,70.99940490722656,45.145423889160156,579.911865234375,58.52729797363281,104.05999755859375,78.36034393310547,108.57783508300781,196.0399932861328,191.91818237304688,40.040000915527344,142.93167114257812,52.220001220703125,22.83639907836914,59.001953125,76.48799896240234,161.02386474609375,155.87339782714844,6.414340019226074
2025-04-29,188.68138122558594,147.88185119628906,96.05999755859375,111.6500015258789,660.0769653320312,8.314488410949707,189.33383178710938,43.209999084472656,78.23422241210938,20.34000015258789,68.1133041381836,70.3347396850586,44.098655700683594,581.427978515625,58.507354736328125,103.18000030517578,76.68462371826172,108.867431640625,194.6300048828125,178.59811401367188,38.86000061035156,142.2151641845703,49.27000045776367,22.668701171875,58.5174674987793,74.556640625,162.08816528320312,154.2709197998047,6.395854949951172
2025-04-30,190.884765625,149.02891540527344,97.3499984741211,114.05000305175781,662.0291748046875,8.343158721923828,190.62135314941406,43.04999923706055,78.76182556152344,20.100000381469727,69.57269287109375,71.09860229492188,44.2523193359375,587.7302856445312,58.19826126098633,103.75,76.75444030761719,108.76756286621094,196.2100067138672,180.25091552734375,39.70000076293945,143.7449951171875,48.790000915527344,22.402359008789062,61.063358306884766,73.8796615600586,164.2660369873047,154.89027404785156,6.506765842437744
2025-05-01,189.72923278808594,147.2984161376953,96.6500015258789,115.4000015258789,660.681396484375,8.314488410949707,195.43467712402344,45.540000915527344,78.94100952148438,19.979999542236328,66.9608383178711,71.15813446044922,44.156272888183594,596.18310546875,60.77067565917969,106.22000122070312,77.57235717773438,111.45380401611328,195.64999389648438,177.83529663085938,39.599998474121094,130.9158172607422,48.880001068115234,22.43195343017578,61.9658317565918,73.45158386230469,170.20834350585938,153.157958984375,6.479038238525391
2025-05-02,194.4788055419922,153.36993408203125,98.80000305175781,123.2699966430664,684.07763671875,8.69676399230957,201.68406677246094,48.2599983215332,83.03240203857422,20.6200008392334,69.12419891357422,73.9258804321289,46.00973129272461,631.1239013671875,62.1466178894043,112.27999877929688,80.51486206054688,114.33976745605469,202.19000244140625,183.99655151367188,41.90999984741211,135.3696746826172,51.290000915527344,23.132335662841797,62.75428771972656,75.542236328125,176.67295837402344,159.20648193359375,6.793285369873047
2025-05-05,193.62681579589844,152.88539123535156,100.58999633789062,121.94999694824219,677.1707763671875,8.668092727661133,198.7921142578125,48.689998626708984,83.51022338867188,20.270000457763672,68.64202117919922,73.32074737548828,45.8848876953125,621.719970703125,61.797645568847656,113.72000122070312,80.21562957763672,113.66072082519531,196.07000732421875,180.87680053710938,38.40999984741211,135.01144409179688,50.720001220703125,22.658836364746094,62.82078552246094,75.10420227050781,173.83482360839844,157.18386840820312,6.839498519897461
2025-05-06,191.5507049560547,151.32302856445312,98.62000274658203,122.44000244140625,673.8312377929688,8.601195335388184,198.1681671142578,47.66999816894531,82.65411376953125,19.940000534057617,67.26876831054688,72.57673645019531,45.36630630493164,617.3497924804688,61.039886474609375,110.69000244140625,80.3053970336914,113.38111877441406,193.8800048828125,178.3927459716797,38.5099983215332,135.4568634033203,50.16999816894531,22.244525909423828,62.706790924072266,73.74029541015625,169.77474975585938,155.896728515625,6.839498519897461
2025-05-07,195.72251892089844,154.07200622558594,100.36000061035156,124.19000244140625,694.0464477539062,8.69676399230957,202.84283447265625,48.43000030517578,78.03512573242188,20.309999465942383,68.7469711303711,74.46157836914062,46.17298889160156,630.945556640625,56.144325256347656,113.37000274658203,82.41004180908203,116.89618682861328,200.72000122070312,182.75453186035156,38.79999923706055,139.71710205078125,50.869998931884766,22.747615814208984,63.533260345458984,74.75574493408203,172.00186157226562,159.47744750976562,6.904195785522461
2025-05-08,198.58206176757812,154.2598876953125,101.69999694824219,116.5199966430664,701.6173095703125,8.773219108581543,205.77438354492188,51.38999938964844,76.73106384277344,21.0,69.63607025146484,74.3028564453125,47.19094467163086,634.1364135742188,57.460445404052734,119.66000366210938,84.93360900878906,117.20575714111328,186.75,184.41709899902344,39.77000045776367,140.49169921875,51.599998474121094,22.846263885498047,63.9227409362793,76.49795532226562,172.67198181152344,160.30003356933594,6.8210129737854
2025-05-09,203.21414184570312,153.87423706054688,102.83999633789062,115.80000305175781,699.8138427734375,8.849674224853516,206.20025634765625,50.79999923706055,76.01431274414062,21.420000076293945,69.42518615722656,74.75919342041016,53.135433197021484,631.9960327148438,59.4744987487793,118.08000183105469,85.64179992675781,116.48675537109375,183.52000427246094,187.65419006347656,40.97999954223633,140.56915283203125,51.02000045776367,23.605833053588867,64.79669952392578,77.07537078857422,173.95309448242188,166.71630859375,6.885710716247559
2025-05-12,218.53038024902344,166.11614990234375,108.12000274658203,124.80999755859375,743.4053955078125,9.45175838470459,219.45175170898438,55.22999954223633,82.01701354980469,22.18000030517578,75.29344940185547,81.59425354003906,58.542118072509766,702.8089599609375,64.31023406982422,122.61000061035156,92.05545806884766,122.82787322998047,195.63999938964844,202.47055053710938,44.619998931884766,147.2887420654297,54.11000061035156,25.075647354125977,69.385009765625,82.69026947021484,184.26097106933594,181.24241638183594,7.1260175704956055
2025-05-13,221.9873046875,171.09991455078125,112.45999908447266,126.68000030517578,756.9812622070312,9.63333797454834,230.1876220703125,59.06999969482422,82.76361083984375,22.559999465942383,78.80133819580078,84.57034301757812,59.82897186279297,731.0509643554688,65.287353515625,123.25,96.68367004394531,129.74818420410156,202.49000549316406,207.72227478027344,45.77000045776367,146.5335235595703,56.66999816894531,25.776029586791992,68.9670181274414,84.52208709716797,191.16903686523438,182.13275146484375,7.1722307205200195
2025-05-14,222.1243896484375,172.19754028320312,117.72000122070312,133.4499969482422,761.9459228515625,9.738463401794434,229.8905029296875,59.790000915527344,81.40977478027344,21.520000457763672,79.70232391357422,84.2925796508789,58.24441909790039,727.6322631835938,65.70611572265625,123.55000305175781,95.0777587890625,135.15060424804688,199.16000366210938,206.67584228515625,45.20000076293945,148.12142944335938,57.650001525878906,25.716840744018555,68.62503814697266,83.89488220214844,191.9278564453125,181.3004913330078,7.153745174407959
2025-05-15,222.41818237304688,172.8007354736328,114.98999786376953,133.07000732421875,751.4913940429688,9.709794044494629,230.405517578125,59.58000183105469,78.17448425292969,21.549999237060547,79.80133056640625,84.11400604248047,58.38846969604492,703.88916015625,65.00816345214844,122.52999877929688,95.20742797851562,134.6413116455078,195.1300048828125,206.08905029296875,44.52000045776367,147.76318359375,56.77000045776367,25.598468780517578,68.66303253173828,82.62057495117188,191.3957061767578,181.7747039794922,7.246170997619629
2025-05-16,222.4084014892578,163.72314453125,117.16999816894531,135.9600067138672,741.3243408203125,9.528212547302246,226.41421508789062,60.130001068115234,77.88579559326172,21.65999984741211,78.33302307128906,83.75687408447266,58.782203674316406,708.9231567382812,63.572410583496094,123.45999908447266,97.75093841552734,135.21051025390625,191.77000427246094,207.87876892089844,44.91999816894531,147.65667724609375,56.349998474121094,25.470230102539062,69.65099334716797,82.36173248291016,191.3957061767578,182.42308044433594,7.264656066894531
2025-05-19,219.89158630371094,164.08900451660156,114.73999786376953,132.0500030517578,742.344970703125,9.442200660705566,228.41482543945312,61.959999084472656,75.18806457519531,21.3799991607666,78.10872650146484,83.15174102783203,58.16758728027344,696.031005859375,62.37594223022461,122.52999877929688,98.3992919921875,135.38027954101562,190.1699981689453,205.72720336914062,43.84000015258789,148.8185577392578,55.810001373291016,25.480093002319336,69.27100372314453,81.10734558105469,190.68617248535156,182.2682342529297,7.3201117515563965
2025-05-20,219.84263610839844,163.88133239746094,113.51000213623047,131.0399932861328,741.9783325195312,9.470870971679688,229.45474243164062,62.11000061035156,75.92472076416016,21.270000457763672,78.43426513671875,83.61799621582031,58.38846969604492,693.8309936523438,61.239288330078125,123.51000213623047,97.85069274902344,134.19192504882812,188.85000610351562,205.45335388183594,44.2599983215332,148.9347686767578,55.650001525878906,25.51955223083496,69.61299133300781,81.05757141113281,190.63690185546875,182.6263427734375,7.25541353225708
2025-05-21,217.61961364746094,160.42039489746094,112.05999755859375,130.4499969482422,730.4933471679688,9.375303268432617,227.52346801757812,60.45000076293945,72.10210418701172,20.690000534057617,77.30780029296875,82.12995147705078,56.89995193481445,672.4761352539062,59.93314743041992,121.37000274658203,95.59642791748047,131.6155548095703,184.1999969482422,200.82754516601562,43.65999984741211,146.5044708251953,54.630001068115234,24.907949447631836,67.77957153320312,78.62843322753906,188.97146606445312,179.44236755371094,7.44026517868042
2025-05-22,207.5426483154297,159.18081665039062,110.70999908447266,129.27999877929688,733.9913940429688,9.442200660705566,228.3157958984375,60.779998779296875,72.8387451171875,20.549999237060547,76.17339324951172,81.90177917480469,56.17896270751953,666.1142578125,61.668025970458984,121.54000091552734,94.5890121459961,132.6441192626953,184.7100067138672,192.1822052001953,42.290000915527344,142.68960571289062,54.52000045776367,24.838899612426758,66.839111328125,78.259521484375,193.3370361328125,174.40036010742188,7.458749771118164
2025-05-23,206.1128692626953,156.1959228515625,110.30999755859375,127.18000030517578,725.855712890625,9.212836265563965,226.5231475830078,61.779998779296875,72.01251983642578,20.049999237060547,75.14717864990234,80.41374969482422,54.378910064697266,656.1849365234375,60.511436462402344,121.62999725341797,93.13272094726562,131.1062774658203,183.0,187.91822814941406,41.27000045776367,140.7628173828125,53.47999954223633,24.079330444335938,65.91764831542969,76.75395965576172,189.1882781982422,170.61639404296875,7.227685928344727
2025-05-27,212.3999786376953,160.4799041748047,114.55999755859375,133.9600067138672,749.9356689453125,9.423087120056152,233.3865966796875,63.650001525878906,74.5907974243164,20.549999237060547,78.31218719482422,83.27078247070312,56.788658142089844,679.3136596679688,63.63223648071289,123.66999816894531,96.13506317138672,135.31036376953125,198.08999633789062,194.5195770263672,43.400001525878906,143.9095916748047,55.060001373291016,25.03618812561035,68.50867462158203,81.49998474121094,194.8053741455078,177.33267211914062,7.153745174407959
2025-05-28,211.15625,160.24188232421875,112.86000061035156,135.5399932861328,739.7488403320312,9.212836265563965,237.1302947998047,62.709999084472656,72.30119323730469,20.3700008392334,77.16488647460938,83.33031463623047,55.60797882080078,671.346435546875,64.39995574951172,122.73999786376953,95.9355697631836,134.621337890625,200.88999938964844,191.88882446289062,42.849998474121094,142.9123077392578,54.22999954223633,24.651473999023438,66.95405578613281,80.01435089111328,193.2877655029297,178.21331787109375,7.209200859069824
2025-05-29,211.2835693359375,158.14950561523438,113.02999877929688,128.10000610351562,740.3037109375,9.098153114318848,239.64588928222656,63.83000183105469,72.0921401977539,20.25,76.81454467773438,83.48904418945312,56.23702621459961,674.55712890625,63.5424919128418,123.5,96.55400848388672,138.99522399902344,217.85000610351562,191.57586669921875,42.939998626708984,143.62881469726562,54.599998474121094,25.075647354125977,66.69495391845703,80.7422103881836,194.28309631347656,179.02626037597656,7.116774559020996
2025-05-30,209.55020141601562,155.44227600097656,110.7300033569336,124.54000091552734,730.096923828125,8.964357376098633,239.74496459960938,60.959999084472656,68.42880249023438,19.549999237060547,75.118408203125,80.14590454101562,56.16928482055664,655.9075317382812,60.012908935546875,121.61000061035156,94.2199478149414,134.94090270996094,213.6199951171875,186.92071533203125,42.02000045776367,140.58851623535156,53.470001220703125,24.671201705932617,66.24392700195312,78.36918640136719,190.50880432128906,176.9552459716797,7.0335917472839355
2025-06-02,210.98976135253906,155.95794677734375,114.62999725341797,126.05500030517578,739.7686157226562,9.012141227722168,246.3211669921875,62.650001525878906,68.07044219970703,19.739999771118164,75.67022705078125,81.82242584228516,58.06611251831055,662.6062622070312,61.28915023803711,123.73999786376953,97.93049621582031,137.18772888183594,211.8000030517578,188.56370544433594,42.540000915527344,141.97311401367188,54.75,24.71065902709961,66.16716003417969,79.25658416748047,192.0066680908203,178.2714080810547,7.135259628295898
2025-06-03,213.9080810546875,160.39065551757812,117.30999755859375,128.77999877929688,740.4820556640625,9.059925079345703,254.38299560546875,71.91999816894531,71.48490905761719,20.290000915527344,76.99517822265625,82.99302673339844,61.78234100341797,679.551513671875,62.1765251159668,126.86000061035156,101.99015045166016,141.02235412597656,209.72000122070312,194.57827758789062,47.369998931884766,144.209716796875,56.29999923706055,25.322261810302734,68.16321563720703,81.2108154296875,194.7364044189453,182.01661682128906,7.246170997619629
2025-06-04,214.9508514404297,160.5790557861328,118.58000183105469,130.36000061035156,736.0525512695312,9.24150562286377,258.57232666015625,76.45999908447266,72.29124450683594,20.25,77.62042999267578,84.09416198730469,62.5855827331543,688.4600830078125,66.10494232177734,127.41000366210938,102.98760986328125,141.7213897705078,222.61000061035156,205.39471435546875,50.279998779296875,144.31625366210938,57.150001525878906,28.025144577026367,68.32633972167969,81.81903839111328,199.4567413330078,184.57151794433594,7.042834281921387
2025-06-05,214.49832153320312,162.82022094726562,115.69000244140625,129.5500030517578,740.9874267578125,9.203279495239258,257.43341064453125,73.0,71.6939697265625,19.989999771118164,78.59305572509766,84.2330551147461,62.29526138305664,674.89404296875,64.96829223632812,127.66999816894531,106.01988983154297,139.79409790039062,216.4600067138672,202.34339904785156,49.540000915527344,143.73179626464844,56.560001373291016,27.906770706176758,67.93289184570312,81.49998474121094,200.38307189941406,184.3489532470703,6.950408458709717
2025-06-06,218.6497802734375,165.3489227294922,116.19000244140625,133.11000061035156,746.1997680664062,9.270176887512207,244.55825805664062,72.95999908447266,72.58988952636719,20.059999465942383,80.19193267822266,85.66156768798828,63.14690017700195,680.859619140625,68.1489028930664,125.04000091552734,108.28410339355469,141.52166748046875,217.0,203.10623168945312,50.16999816894531,145.36822509765625,57.43000030517578,28.06460189819336,68.70060729980469,84.97972869873047,202.19631958007812,186.2167205810547,7.052076816558838
2025-06-09,223.9620819091797,168.37347412109375,121.7300033569336,138.61000061035156,763.2243041992188,9.46131420135498,241.9337158203125,71.08999633789062,78.1147689819336,20.479999542236328,82.30491638183594,87.59602355957031,65.85665130615234,699.8856811523438,68.93658447265625,126.30000305175781,110.66802978515625,142.43040466308594,220.88999938964844,208.3872833251953,52.380001068115234,151.37814331054688,59.029998779296875,29.199026107788086,70.21684265136719,86.54512786865234,203.98985290527344,192.78782653808594,7.1722307205200195
2025-06-10,229.54981994628906,172.32028198242188,123.23999786376953,140.6300048828125,777.8604125976562,9.690679550170898,242.28036499023438,68.52999877929688,79.2695083618164,22.079999923706055,85.01436614990234,90.27450561523438,67.34700775146484,725.21435546875,68.63746643066406,128.27000427246094,113.84993743896484,143.75852966308594,226.24000549316406,213.90309143066406,53.79999923706055,155.00164794921875,59.70000076293945,29.98818588256836,71.92499542236328,88.43954467773438,209.3704376220703,195.7685089111328,7.292383670806885
2025-06-11,228.76280212402344,171.3484649658203,121.13999938964844,140.3800048828125,776.9884033203125,9.738463401794434,250.48085021972656,71.63999938964844,78.12471771240234,20.68000030517578,86.54376983642578,90.22488403320312,67.35668182373047,714.3040161132812,68.03922271728516,131.3000030517578,115.7351303100586,142.64002990722656,232.85000610351562,212.6219482421875,51.779998779296875,155.3425750732422,61.209999084472656,29.48509407043457,69.88096618652344,86.53514862060547,210.9866180419922,193.25234985351562,7.3293538093566895
2025-06-12,228.34962463378906,173.54000854492188,118.5,138.6199951171875,779.0891723632812,9.776691436767578,253.6104736328125,74.33999633789062,79.25956726074219,20.770000457763672,86.84152221679688,90.92923736572266,65.74051666259766,712.064453125,69.43511199951172,132.2899932861328,115.88475799560547,144.80712890625,228.5800018310547,212.6121368408203,52.97999954223633,154.58279418945312,60.65999984741211,29.504823684692383,69.1036605834961,85.6577377319336,213.07351684570312,193.2233123779297,7.504962921142578
2025-06-13,221.37478637695312,169.1667938232422,116.16000366210938,135.5500030517578,754.1074829101562,9.604668617248535,246.31126403808594,73.48999786376953,74.9989242553711,20.139999389648438,86.11402893066406,88.8062973022461,63.61142349243164,666.9169921875,66.99231719970703,128.97000122070312,115.30621337890625,141.78115844726562,222.19000244140625,206.2552947998047,51.02000045776367,150.7060546875,58.099998474121094,28.78471565246582,68.37432861328125,82.83604431152344,208.7908935546875,188.7135467529297,7.504962921142578
2025-06-16,228.03482055664062,175.0770721435547,126.38999938964844,142.0399932861328,768.2086791992188,9.900931358337402,249.67860412597656,79.16999816894531,77.89575958251953,20.739999771118164,88.5664291381836,92.66529083251953,65.99214172363281,700.1929931640625,70.21279907226562,131.17999267578125,119.53543853759766,144.49754333496094,230.44000244140625,212.73928833007812,53.880001068115234,152.80026245117188,60.369998931884766,29.258209228515625,69.07486724853516,87.42253112792969,213.32078552246094,192.7974853515625,7.689813613891602
2025-06-17,223.7456512451172,172.6376190185547,127.0999984741211,144.72000122070312,752.977783203125,9.862703323364258,246.9748077392578,79.70999908447266,76.20345306396484,20.799999237060547,88.62797546386719,91.9212646484375,65.50825500488281,684.6152954101562,69.78407287597656,130.72000122070312,120.0341796875,143.92828369140625,228.0399932861328,208.142822265625,52.939998626708984,150.4528045654297,59.939998626708984,28.409860610961914,68.64302825927734,86.17620086669922,211.5602569580078,191.3168182373047,7.551175594329834
2025-06-18,225.9197540283203,171.3980255126953,126.79000091552734,146.0500030517578,754.7417602539062,9.929601669311523,248.84666442871094,85.58999633789062,75.89485931396484,21.489999771118164,86.46040344238281,91.73230743408203,65.82760620117188,686.9637451171875,74.72947692871094,134.32000732421875,121.51040649414062,145.2864990234375,232.0500030517578,206.79319763183594,52.2599983215332,149.64434814453125,60.54999923706055,28.626880645751953,68.72940063476562,86.00670623779297,211.1646270751953,191.95555114746094,7.643601417541504
2025-06-20,224.64089965820312,168.04624938964844,128.24000549316406,145.0399932861328,749.6780395507812,9.681122779846191,248.171630859375,85.51000213623047,75.07856750488281,21.079999923706055,84.3603286743164,89.99193572998047,66.74700164794922,679.6902465820312,73.29373168945312,136.99000549316406,123.285888671875,143.65866088867188,231.1699981689453,204.3971405029297,52.81999969482422,147.39427185058594,59.380001068115234,28.2816219329834,69.21881103515625,86.03661346435547,207.21827697753906,191.8103790283203,7.560418605804443
2025-06-23,227.22813415527344,170.52537536621094,129.5800018310547,149.3300018310547,772.657958984375,9.82447624206543,251.92413330078125,84.56999969482422,75.62609100341797,21.190000534057617,84.98359680175781,91.10578155517578,66.36955261230469,686.349365234375,70.5717544555664,138.64999389648438,121.7697525024414,143.9782257080078,234.10000610351562,206.2161865234375,53.16999816894531,149.1670379638672,60.0,28.70579719543457,69.429931640625,87.10347747802734,208.01942443847656,194.8975372314453,7.504962921142578
2025-06-24,231.16317749023438,178.67678833007812,138.42999267578125,156.41000366210938,805.9932861328125,10.13029670715332,261.85137939453125,91.91999816894531,81.3600082397461,22.549999237060547,88.23395538330078,95.10365295410156,68.1599349975586,710.0924682617188,74.98871612548828,139.83999633789062,127.58494567871094,147.70326232910156,248.52000427246094,213.6977081298828,54.209999084472656,151.6703643798828,62.29999923706055,29.8536319732666,70.45674133300781,90.12457275390625,217.68255615234375,199.17503356933594,7.7535881996154785
2025-06-25,230.86805725097656,181.54270935058594,143.39999389648438,157.30999755859375,807.8562622070312,10.139852523803711,262.7250061035156,92.19999694824219,81.77810668945312,22.200000762939453,88.67362976074219,95.49150085449219,69.29222869873047,716.2760009765625,75.70659637451172,139.1699981689453,126.9266128540039,154.10475158691406,255.35000610351562,212.5029296875,53.7400016784668,151.88465881347656,61.900001525878906,29.62604522705078,71.2724380493164,89.93512725830078,220.30357360839844,198.7589111328125,7.527565002441406
2025-06-26,233.44549560546875,181.98895263671875,143.67999267578125,158.14999389648438,790.8616333007812,10.178080558776855,268.2048645019531,95.05000305175781,83.27132415771484,22.5,89.61448669433594,96.3069839477539,68.49864959716797,728.5140991210938,79.73471069335938,142.22999572753906,125.6797866821289,154.81381225585938,268.8800048828125,214.4876708984375,53.650001525878906,154.08604431152344,62.52000045776367,29.823945999145508,71.6371078491211,90.78263854980469,221.55966186523438,199.65895080566406,7.439121246337891
2025-06-27,233.11102294921875,181.68153381347656,143.80999755859375,165.4600067138672,788.7410278320312,10.120739936828613,267.3908386230469,93.48999786376953,82.00706481933594,22.690000534057617,88.31732940673828,96.66500854492188,68.21800231933594,729.366455078125,76.9329833984375,142.0500030517578,124.44293975830078,157.5401611328125,267.6400146484375,213.2496795654297,52.93000030517578,154.42694091796875,64.0,29.784366607666016,71.78105926513672,90.08468627929688,226.06980895996094,200.40411376953125,7.547219276428223
2025-06-30,234.15379333496094,181.54270935058594,141.89999389648438,161.74000549316406,794.1317138671875,9.872260093688965,273.64495849609375,92.58999633789062,80.28489685058594,22.399999618530273,88.89990234375,96.80423736572266,68.10187530517578,726.2978515625,77.17228698730469,143.2899932861328,122.93677520751953,157.77984619140625,275.20001220703125,214.6743621826172,52.40999984741211,155.12826538085938,64.0199966430664,30.091114044189453,71.5123519897461,89.65596008300781,224.01255798339844,200.9266815185547,7.517737865447998
2025-07-01,236.73123168945312,182.22694396972656,136.11000061035156,156.3300018310547,783.3106079101562,9.805362701416016,262.8143005371094,87.58999633789062,81.96723937988281,22.850000381469727,89.20856475830078,96.27715301513672,69.36964416503906,741.779541015625,76.01568603515625,137.3800048828125,120.58277130126953,153.09609985351562,268.42999267578125,217.3468780517578,53.599998474121094,155.26461791992188,64.13999938964844,29.754680633544922,74.0457992553711,91.65008544921875,222.2223358154297,203.6654510498047,7.478429794311523
2025-07-02,241.16798400878906,188.42478942871094,138.52000427246094,154.6300048828125,792.3480834960938,10.197418212890625,267.9367980957031,89.37000274658203,86.06859588623047,21.8799991607666,91.41681671142578,98.28602600097656,70.80194091796875,759.0885009765625,74.03154754638672,139.80999755859375,121.43061828613281,157.0408477783203,276.42999267578125,227.11326599121094,55.95000076293945,158.10888671875,65.0,31.367589950561523,75.0246353149414,93.90345001220703,231.04476928710938,208.63975524902344,7.724107265472412
2025-07-03,241.68936157226562,189.4561309814453,137.91000366210938,155.08999633789062,787.3041381835938,10.26672077178955,273.17840576171875,93.61000061035156,86.2477798461914,22.489999771118164,91.76219940185547,98.26614379882812,70.70516967773438,753.3684692382812,74.95880889892578,140.67999267578125,121.9792251586914,159.1280517578125,284.9599914550781,228.0466766357422,56.599998474121094,158.00173950195312,65.88999938964844,31.951404571533203,75.58122253417969,92.78672790527344,232.23165893554688,209.055908203125,7.6946258544921875
2025-07-07,237.8822479248047,189.18836975097656,134.8000030517578,146.8800048828125,777.9794311523438,10.029111862182617,272.1856384277344,92.7300033569336,82.62425231933594,22.0,90.57520294189453,97.59982299804688,69.17610168457031,736.019775390625,71.33948516845703,138.0399932861328,119.72782897949219,158.02951049804688,286.3800048828125,222.05320739746094,54.61000061035156,153.98863220214844,63.790000915527344,31.229055404663086,73.11495208740234,90.32398223876953,226.66322326660156,206.530029296875,7.419466972351074
2025-07-08,241.16798400878906,193.36325073242188,137.82000732421875,147.7899932861328,786.9076538085938,10.128114700317383,269.822998046875,93.36000061035156,86.62606048583984,23.59000015258789,91.23023986816406,99.2805404663086,72.15681457519531,756.0198974609375,71.7383041381836,137.3699951171875,124.22061920166016,159.7871856689453,282.3599853515625,228.28248596191406,57.619998931884766,155.3133544921875,65.18000030517578,32.178993225097656,74.7943115234375,91.94921112060547,225.3675537109375,209.646240234375,7.50791072845459
2025-07-09,238.77745056152344,193.75990295410156,138.41000366210938,148.02000427246094,792.5858764648438,10.256820678710938,275.8786315917969,97.58999633789062,86.59619140625,23.440000534057617,91.62325286865234,99.2606430053711,72.27295684814453,745.9205932617188,72.04739379882812,139.85000610351562,122.04412078857422,162.66334533691406,282.07000732421875,226.39601135253906,57.77000045776367,155.2159423828125,64.79000091552734,31.634756088256836,74.496826171875,92.50755310058594,229.30401611328125,209.41395568847656,7.566873073577881
2025-07-10,241.14830017089844,196.37786865234375,144.16000366210938,148.5500030517578,794.825439453125,10.256820678710938,273.39678955078125,97.29000091552734,87.60161590576172,23.81999969482422,92.16316223144531,100.50376892089844,72.6600570678711,735.3048706054688,73.14415740966797,137.19000244140625,122.9127197265625,163.88174438476562,283.4100036621094,229.1176300048828,59.52000045776367,154.9626922607422,64.5999984741211,32.79248809814453,74.56399536132812,98.3304214477539,227.24676513671875,212.57852172851562,7.429294109344482
2025-07-11,240.7056121826172,196.27870178222656,146.4199981689453,145.94000244140625,794.6668090820312,10.30632209777832,272.38421630859375,98.5199966430664,87.18352508544922,23.43000030517578,91.76219940185547,101.17008209228516,72.15681457519531,730.9453735351562,72.55541229248047,136.1999969482422,124.33045196533203,164.7006378173828,284.1600036621094,224.9221954345703,59.72999954223633,153.37498474121094,64.05999755859375,31.931612014770508,72.37602996826172,96.7650146484375,227.8797607421875,214.11729431152344,7.370331287384033
2025-07-14,239.50543212890625,195.45565795898438,146.24000549316406,144.5399932861328,799.4232788085938,10.098413467407227,273.5953369140625,98.69999694824219,85.83963775634766,23.299999237060547,91.4902572631836,99.07168579101562,71.66325378417969,716.1289672851562,72.35584259033203,136.6300048828125,118.41993713378906,163.85177612304688,281.94000244140625,220.68748474121094,59.06999969482422,150.28720092773438,63.279998779296875,31.45664405822754,71.42597961425781,94.94039916992188,226.16868591308594,212.9559783935547,7.311368465423584
2025-07-15,236.5148162841797,197.62738037109375,155.61000061035156,147.11000061035156,815.5658569335938,10.177617073059082,278.896484375,102.58999633789062,87.07402038574219,22.920000076293945,92.94819641113281,100.51371002197266,70.75354766845703,712.6334838867188,72.25606536865234,137.3000030517578,119.91752624511719,170.4729461669922,285.9100036621094,217.19947814941406,58.93000030517578,150.2969512939453,64.52999877929688,31.189476013183594,70.02490997314453,92.75682830810547,234.35812377929688,211.32044982910156,7.350677013397217
2025-07-16,236.70172119140625,193.1847381591797,160.0800018310547,153.89999389648438,747.6168212890625,10.31622314453125,278.7674560546875,101.19000244140625,87.09393310546875,22.690000534057617,92.64649963378906,99.81755828857422,72.03101348876953,709.0684814453125,70.69937133789062,137.75999450683594,116.2434310913086,171.14205932617188,275.4599914550781,216.7278594970703,59.52000045776367,150.07290649414062,66.79000091552734,31.535808563232422,69.928955078125,91.70991516113281,234.96144104003906,209.65589904785156,7.311368465423584
2025-07-17,237.05587768554688,190.91384887695312,160.41000366210938,157.17999267578125,738.1632690429688,10.474629402160645,284.36639404296875,98.44999694824219,89.86134338378906,22.799999237060547,93.00279235839844,100.2352523803711,71.90521240234375,708.6116333007812,71.85690307617188,141.75999450683594,113.07849884033203,172.7698974609375,276.2200012207031,220.5793914794922,59.40999984741211,148.65078735351562,68.16999816894531,31.77328872680664,69.2859878540039,92.52749633789062,242.91351318359375,209.6074981689453,7.399812698364258
2025-07-18,237.92160034179688,188.8511962890625,156.99000549316406,156.74000549316406,727.9268798828125,10.415227890014648,281.279052734375,93.47000122070312,90.33917236328125,23.100000381469727,92.4112777709961,100.10597229003906,72.3697280883789,720.2005615234375,74.49130249023438,142.11000061035156,114.20669555664062,172.18067932128906,278.2099914550781,221.95494079589844,60.720001220703125,150.78396606445312,68.20999908447266,32.208675384521484,69.83296966552734,93.64421081542969,237.77040100097656,209.6365509033203,7.350677013397217
2025-07-21,236.5738525390625,191.0030975341797,157.0,161.9199981689453,713.1618041992188,10.375624656677246,286.1136169433594,95.73999786376953,91.22514343261719,23.260000228881836,93.07028198242188,101.18001556396484,71.4697036743164,719.7337646484375,72.9046630859375,140.5800018310547,113.0485610961914,171.1520538330078,284.9200134277344,224.2835693359375,60.54999923706055,154.84580993652344,68.91000366210938,32.46595001220703,69.78500366210938,94.54157257080078,236.23736572265625,207.6526336669922,7.370331287384033
2025-07-22,231.6747283935547,185.5787353515625,154.72000122070312,156.5,699.0904541015625,10.187518119812012,276.5635986328125,92.93000030517578,91.58351135253906,23.239999771118164,88.5505599975586,97.15231323242188,72.83426666259766,714.97705078125,71.83694458007812,136.75999450683594,109.04498291015625,166.80783081054688,274.6099853515625,224.01828002929688,62.45000076293945,153.8912353515625,66.61000061035156,33.05965805053711,70.4183578491211,93.42485809326172,232.03384399414062,207.99136352539062,7.21309757232666
2025-07-23,224.37525939941406,185.44981384277344,158.64999389648438,159.27999877929688,710.4367065429688,10.474629402160645,281.62646484375,98.41000366210938,91.20523834228516,23.489999771118164,89.03388977050781,96.56555938720703,67.9857406616211,715.0069580078125,73.11421966552734,137.19000244140625,109.65399932861328,170.55284118652344,268.6300048828125,220.78573608398438,59.61000061035156,155.73219299316406,65.94999694824219,31.43685531616211,70.14006805419922,92.75682830810547,237.701171875,180.24563598632812,7.350677013397217
2025-07-24,222.69300842285156,186.550537109375,162.1199951171875,159.99000549316406,718.5128784179688,10.464729309082031,286.6099853515625,101.16999816894531,90.7074966430664,22.6299991607666,89.73755645751953,97.24181365966797,65.62438201904297,708.0455932617188,73.8825912475586,137.2899932861328,111.55094909667969,173.50892639160156,261.5799865722656,220.51060485839844,55.439998626708984,154.7191619873047,64.20999908447266,26.449705123901367,69.42033386230469,91.06182098388672,238.957275390625,179.70370483398438,7.193443298339844
2025-07-25,224.11949157714844,184.1408233642578,166.47000122070312,163.1699981689453,704.8081665039062,10.395426750183105,288.0692443847656,101.22000122070312,91.43419647216797,20.700000762939453,89.5301284790039,96.42633056640625,66.97925567626953,709.7139282226562,74.05223083496094,137.6699981689453,111.08171081542969,173.26922607421875,258.6199951171875,219.3905029296875,56.91999816894531,154.2905731201172,62.849998474121094,26.044004440307617,68.64302825927734,89.88528442382812,242.91351318359375,179.02626037597656,7.1737895011901855
2025-07-28,227.02154541015625,188.68263244628906,173.66000366210938,164.3699951171875,723.3784790039062,10.464729309082031,292.1593017578125,107.94999694824219,91.58351135253906,20.68000030517578,91.62027740478516,98.07719421386719,68.2567138671875,733.4180297851562,75.74861907958984,139.5800018310547,111.07173156738281,176.51490783691406,269.1300048828125,224.4997100830078,58.65999984741211,156.871826171875,64.23999786376953,26.410123825073242,68.4415054321289,90.87237548828125,240.0946807861328,183.14892578125,7.075517654418945
2025-07-29,227.0018768310547,186.83815002441406,177.44000244140625,163.47000122070312,713.7885131835938,10.375624656677246,295.25665283203125,109.37999725341797,92.4296646118164,20.40999984741211,90.91960144042969,98.39543151855469,68.4018783569336,719.3365478515625,76.17769622802734,140.02000427246094,111.78059387207031,175.2765350341797,270.5,222.7802734375,58.380001068115234,157.8751220703125,73.1500015258789,26.26169776916504,69.03648376464844,90.28410339355469,238.69020080566406,185.21026611328125,6.996901035308838
2025-07-30,227.3560333251953,187.80995178222656,179.50999450683594,163.3249969482422,716.7291870117188,10.227119445800781,300.4187927246094,116.01000213623047,79.06597137451172,20.34000015258789,91.80288696289062,98.54460144042969,68.02444458007812,725.463623046875,81.56620788574219,140.02000427246094,114.55613708496094,179.0315704345703,273.8399963378906,217.08157348632812,58.04999923706055,154.93345642089844,75.08999633789062,25.75704574584961,68.45110321044922,107.33389282226562,240.25294494628906,183.4102020263672,6.9772467613220215
2025-07-31,220.98130798339844,178.55780029296875,176.30999755859375,141.375,690.1641845703125,9.405385971069336,291.5636901855469,111.55000305175781,78.18902587890625,19.799999237060547,87.2414779663086,94.31800079345703,65.41146850585938,706.2977905273438,80.19913482666016,137.13999938964844,108.96510314941406,177.6334228515625,262.5899963378906,210.0367889404297,56.36000061035156,142.95257568359375,73.93000030517578,25.1633358001709,65.77371215820312,107.11454010009766,238.97703552246094,176.48944091796875,6.721742153167725
2025-08-01,218.10873413085938,178.48838806152344,171.6999969482422,137.5800018310547,685.30615234375,9.910306930541992,286.54052734375,107.55999755859375,75.39868927001953,19.309999465942383,87.99674987792969,95.8395767211914,64.22112274169922,780.1609497070312,74.29171752929688,136.30999755859375,104.7119369506836,173.4889373779297,263.54998779296875,206.2540283203125,56.81999969482422,144.345458984375,72.41000366210938,24.797216415405273,64.95801544189453,103.8541488647461,232.6371612548828,176.29449462890625,6.6922607421875
2025-08-04,218.78749084472656,181.29478454589844,176.77999877929688,140.0500030517578,694.78369140625,9.88060474395752,295.554443359375,114.69999694824219,73.42552185058594,19.5,90.8729476928711,97.86835479736328,64.44369506835938,824.858154296875,76.36730194091797,140.0,107.59729766845703,179.7605743408203,272.75,208.28787231445312,47.970001220703125,143.68309020996094,75.7300033569336,24.85658836364746,65.19792938232422,105.4095687866211,236.38571166992188,178.11729431152344,6.6922607421875
2025-08-05,217.09544372558594,177.65538024902344,174.30999755859375,137.22999572753906,685.117431640625,9.633094787597656,290.79931640625,110.29000091552734,73.08670043945312,20.190000534057617,87.67618560791016,96.14787292480469,64.96630096435547,797.2017822265625,76.46707916259766,137.27999877929688,108.8852310180664,178.02288818359375,263.489990234375,204.829345703125,47.2400016784668,142.90386962890625,73.79000091552734,24.67847442626953,64.90042877197266,106.61601257324219,229.9271240234375,180.7198944091797,6.6922607421875
2025-08-06,217.10528564453125,176.65382385253906,163.1199951171875,136.1199951171875,686.438720703125,9.623194694519043,299.4757385253906,117.33999633789062,71.98054504394531,20.40999984741211,88.1595230102539,95.41194915771484,64.03723907470703,800.2503662109375,75.15987396240234,139.02999877929688,108.60568237304688,179.18133544921875,257.7099914550781,202.32386779785156,46.97999954223633,142.05642700195312,71.55999755859375,24.54983901977539,64.79487609863281,104.572021484375,228.8391571044922,181.21701049804688,6.623470783233643
2025-08-07,219.49581909179688,181.62200927734375,172.39999389648438,135.57000732421875,708.4537353515625,9.811302185058594,301.5505065917969,119.77999877929688,73.1763916015625,19.770000457763672,90.51962280273438,98.60427856445312,64.08563232421875,792.3953857421875,75.6887435913086,127.75,111.69073486328125,180.52955627441406,262.57000732421875,202.3140411376953,47.59000015258789,142.11485290527344,71.94999694824219,24.569629669189453,65.78330993652344,106.14738464355469,239.9661102294922,181.21701049804688,6.554681301116943
2025-08-08,220.3123321533203,183.32766723632812,172.75999450683594,138.5,717.593505859375,9.870704650878906,302.7517395019531,120.41000366210938,72.88739013671875,19.950000762939453,90.79156494140625,101.18997192382812,59.87583541870117,798.701171875,77.17557525634766,120.94000244140625,118.69947814941406,182.4569854736328,270.30999755859375,203.54222106933594,47.65999984741211,143.73179626464844,72.86000061035156,24.906064987182617,68.21118927001953,107.15442657470703,239.1847381591797,182.4939422607422,6.613644123077393
2025-08-11,220.43040466308594,182.84176635742188,172.27999877929688,141.0500030517578,716.590087890625,9.910306930541992,301.68951416015625,118.56999969482422,71.7812271118164,20.649999618530273,90.3330307006836,101.43858337402344,58.98549270629883,791.9683837890625,77.1156997680664,118.3499984741211,123.52174377441406,181.81784057617188,272.30999755859375,201.5771484375,47.099998474121094,144.1311798095703,72.7699966430664,24.510257720947266,67.68339538574219,104.37261962890625,239.44190979003906,179.0725555419922,6.603816509246826
2025-08-12,228.2709197998047,186.8778076171875,174.9499969482422,142.38999938964844,736.93603515625,10.029111862182617,310.55450439453125,125.37999725341797,75.7076187133789,21.809999465942383,92.84896087646484,104.70053100585938,62.42107391357422,834.7191772460938,77.64457702636719,125.44999694824219,127.5452880859375,182.9163818359375,271.5,216.2071075439453,50.0099983215332,149.74172973632812,76.44000244140625,25.97473907470703,68.79656982421875,111.30220031738281,241.61782836914062,188.0988006591797,6.6922607421875
2025-08-13,233.77012634277344,188.44464111328125,184.4199981689453,141.60000610351562,750.6259155273438,9.930107116699219,306.8417663574219,121.12999725341797,79.6041030883789,22.219999313354492,94.23346710205078,106.15249633789062,63.63078308105469,855.8115844726562,79.1513671875,125.98999786376953,124.07085418701172,181.3484649658203,274.42999267578125,226.4942626953125,51.88999938964844,152.52755737304688,76.79000091552734,25.87578773498535,70.6774673461914,113.67522430419922,238.7990264892578,188.41070556640625,6.721742153167725
2025-08-14,232.37319946289062,186.66957092285156,180.9499969482422,140.5500030517578,750.268310546875,9.84100341796875,308.9662170410156,117.33000183105469,78.59760284423828,23.860000610351562,94.8219985961914,106.78897857666016,63.863040924072266,842.9118041992188,78.87196350097656,125.4000015258789,125.08922576904297,181.77789306640625,270.8299865722656,227.49644470214844,51.619998931884766,153.98863220214844,76.0,25.598726272583008,72.31845092773438,111.49164581298828,238.3638458251953,188.8201141357422,6.770877361297607
2025-08-15,227.8675994873047,160.4104766845703,177.50999450683594,138.91000366210938,737.3036499023438,9.732098579406738,304.1117248535156,116.73999786376953,76.85364532470703,24.559999465942383,86.83556365966797,98.96229553222656,63.592063903808594,820.72705078125,76.02802276611328,123.08999633789062,120.67630767822266,180.20997619628906,254.36000061035156,224.78465270996094,51.09000015258789,153.75486755371094,74.22000122070312,25.38102912902832,71.5123519897461,109.09869384765625,236.2670135498047,189.6584014892578,6.761050701141357
2025-08-18,227.7888946533203,162.1656951904297,176.13999938964844,141.05999755859375,742.6583251953125,9.999410629272461,303.5359802246094,118.73999786376953,78.13919067382812,23.65999984741211,87.86499786376953,98.33576202392578,63.4468994140625,844.4014282226562,76.57685089111328,124.55000305175781,123.35201263427734,181.7678985595703,260.45001220703125,227.95823669433594,50.529998779296875,154.77760314941406,75.7699966430664,25.68777847290039,71.26285552978516,110.0857925415039,238.7693328857422,189.42445373535156,6.6922607421875
2025-08-19,226.69692993164062,160.86663818359375,166.5500030517578,134.00999450683594,738.744140625,9.732098579406738,292.764892578125,106.30000305175781,80.19207763671875,25.309999465942383,87.13792419433594,99.77778625488281,62.624298095703125,838.9297485351562,71.91677856445312,121.0,121.85441589355469,175.40638732910156,249.3800048828125,225.26609802246094,49.77000045776367,152.19635009765625,69.77999877929688,25.598726272583008,71.90579986572266,110.29517364501953,230.15460205078125,190.9938201904297,6.68243408203125
2025-08-20,240.89251708984375,159.61717224121094,165.1999969482422,131.16000366210938,744.585693359375,9.593493461608887,289.0520935058594,105.98999786376953,79.13573455810547,23.540000915527344,87.3726577758789,98.60427856445312,64.60823059082031,820.528564453125,71.06859588623047,121.1500015258789,117.02217864990234,175.1667022705078,246.4600067138672,224.7748260498047,49.470001220703125,151.40737915039062,69.68000030517578,25.727359771728516,72.08814239501953,109.19840240478516,226.0994873046875,195.70188903808594,6.751223564147949
2025-08-21,242.938720703125,158.9607696533203,163.7100067138672,133.27999877929688,730.587890625,9.534090995788574,287.4934997558594,110.86000061035156,81.80647277832031,23.5,86.77090454101562,97.86835479736328,63.96950149536133,815.0369262695312,71.05860137939453,123.58000183105469,115.60445404052734,174.7472381591797,247.22000122070312,220.01934814453125,48.810001373291016,150.13134765625,70.44000244140625,25.608617782592773,71.5123519897461,108.97905731201172,224.84335327148438,195.64341735839844,6.623470783233643
2025-08-22,248.10345458984375,161.59620666503906,167.75999450683594,137.9199981689453,749.9503173828125,9.761799812316895,291.86151123046875,114.04000091552734,87.45690155029297,24.799999237060547,86.56104278564453,99.5291519165039,67.37528991699219,838.1353149414062,72.84480285644531,126.1500015258789,117.49142456054688,177.75323486328125,252.8000030517578,230.72900390625,51.849998474121094,153.91070556640625,73.7699966430664,27.231420516967773,74.1705551147461,114.96143341064453,230.4414520263672,200.85833740234375,6.652952194213867
2025-08-25,250.3562774658203,161.09896850585938,163.36000061035156,137.77999877929688,749.5232543945312,9.781600952148438,292.0898742675781,115.41000366210938,86.45038604736328,24.549999237060547,87.48306274414062,100.72254943847656,66.80035400390625,832.0379028320312,72.79490661621094,126.69000244140625,116.23343658447266,179.5708465576172,254.77999877929688,232.536865234375,50.95000076293945,152.3619384765625,73.30000305175781,27.023622512817383,73.66194915771484,116.72624206542969,233.0129852294922,200.77064514160156,6.544854164123535
2025-08-26,251.47775268554688,163.6051025390625,166.6199951171875,140.25999450683594,758.2059936523438,9.940007209777832,295.8423156738281,120.0999984741211,85.33425903320312,24.350000381469727,88.3334732055664,103.05961608886719,65.89408874511719,844.7291870117188,74.10211181640625,128.3300018310547,116.31330871582031,181.52822875976562,259.5,233.6667938232422,50.9900016784668,155.04061889648438,75.02999877929688,26.835615158081055,73.29387664794922,118.26171112060547,236.1087646484375,200.78036499023438,6.623470783233643
2025-08-27,251.349853515625,163.48574829101562,167.1300048828125,140.66000366210938,764.9614868164062,9.920207023620605,298.0660400390625,122.7300033569336,83.70987701416016,24.850000381469727,88.41205596923828,103.09940338134766,64.94884490966797,860.3002319335938,74.6310043334961,129.6300048828125,117.56130981445312,181.35845947265625,263.54998779296875,233.51939392089844,51.25,155.62503051757812,75.05000305175781,26.87519645690918,73.8072280883789,116.64646911621094,236.6725311279297,200.28326416015625,6.603816509246826
2025-08-28,250.12017822265625,164.3609161376953,168.5800018310547,142.5500030517578,758.4642944335938,9.870704650878906,306.4049072265625,131.82000732421875,83.57037353515625,24.93000030517578,88.92031860351562,103.51708221435547,63.5845832824707,852.4948120117188,77.06581115722656,133.88999938964844,121.80449676513672,179.9303436279297,276.2300109863281,234.89495849609375,50.779998779296875,156.62831115722656,81.08999633789062,27.300687789916992,72.74177551269531,117.54383087158203,235.66368103027344,198.93807983398438,6.57433557510376
2025-08-29,247.22792053222656,159.87571716308594,162.6300048828125,138.30999755859375,737.7606811523438,9.811302185058594,295.22686767578125,123.05500030517578,83.4507827758789,24.350000381469727,86.73210906982422,99.59877014160156,63.34096908569336,829.9525146484375,62.73633575439453,128.14999389648438,118.81929779052734,173.94830322265625,263.3399963378906,230.7486572265625,49.59000015258789,156.5601348876953,73.7699966430664,26.70697784423828,72.58680725097656,117.8927993774414,228.34461975097656,197.36871337890625,6.4662370681762695
2025-09-02,245.2526397705078,156.70326232910156,162.32000732421875,132.33999633789062,721.100341796875,10.177617073059082,296.0706787109375,124.2699966430664,81.6570053100586,24.209999084472656,84.18087768554688,96.49594116210938,61.97669219970703,817.9266967773438,64.4626693725586,131.0500030517578,118.2901382446289,170.55284118652344,237.16000366210938,228.596923828125,48.939998626708984,154.66073608398438,73.48999786376953,25.99452781677246,70.77552032470703,120.2558364868164,225.8917694091797,194.76611328125,6.505545616149902
2025-09-03,241.52919006347656,155.39051818847656,162.1300048828125,131.4199981689453,731.9985961914062,10.227119445800781,300.19049072265625,124.7699966430664,79.20549011230469,24.0,83.93718719482422,97.20203399658203,61.66486358642578,821.8095703125,62.177528381347656,130.1699981689453,118.5297622680664,170.39306640625,240.8000030517578,224.21478271484375,47.790000915527344,153.1996307373047,73.66999816894531,25.529455184936523,71.25012969970703,119.2787094116211,228.85894775390625,190.7988739013672,6.535027027130127
2025-09-04,243.06993103027344,157.3695831298828,161.7899932861328,135.47999572753906,748.5,10.207319259643555,303.8735046386719,134.0,79.37490844726562,24.610000610351562,86.86042785644531,99.8672866821289,62.78550338745117,842.2167358398438,63.96371841430664,131.88999938964844,124.01095581054688,171.43167114257812,250.94000244140625,221.453857421875,48.060001373291016,156.45191955566406,75.4000015258789,26.172639846801758,72.29622650146484,119.0394287109375,232.6371612548828,182.56216430664062,6.761050701141357
2025-09-05,244.01808166503906,161.8547821044922,151.13999938964844,138.1699981689453,776.5849609375,10.36572551727295,332.4541015625,140.82000732421875,81.69686126708984,24.489999771118164,90.02336883544922,102.38334655761719,64.23747253417969,859.8434448242188,63.19535827636719,129.86000061035156,131.15948486328125,166.79783630371094,255.6999969482422,222.7802734375,49.11000061035156,156.57925415039062,74.80999755859375,26.57834243774414,72.83863067626953,119.96762084960938,240.74746704101562,183.18600463867188,6.68243408203125
2025-09-08,245.9044647216797,161.15863037109375,151.41000366210938,139.13999938964844,791.0396728515625,11.395367622375488,343.13580322265625,147.52999877929688,81.85630798339844,24.479999542236328,90.4102783203125,104.49169158935547,63.633304595947266,858.3140869140625,65.85968017578125,130.25,131.2493438720703,168.0861358642578,273.5400085449219,221.5619354248047,48.880001068115234,156.97109985351562,73.27999877929688,26.330963134765625,73.255126953125,118.67013549804688,244.48611450195312,181.12928771972656,6.770877361297607
2025-09-09,245.11434936523438,162.6006622314453,155.82000732421875,140.8000030517578,799.8616333007812,11.078554153442383,334.2211608886719,149.02999877929688,80.93948364257812,24.440000534057617,91.28057861328125,104.98894500732422,63.10708999633789,851.9088745117188,66.6978988647461,129.7899932861328,135.02328491210938,170.53286743164062,277.2200012207031,219.78355407714844,48.619998931884766,155.42332458496094,74.55000305175781,25.677885055541992,72.70303344726562,114.84754943847656,248.17530822753906,180.35922241210938,6.751223564147949
2025-09-10,244.15634155273438,162.5210723876953,159.5399932861328,154.13999938964844,787.9501342773438,11.187458992004395,366.8818054199219,163.9600067138672,79.15567016601562,24.770000457763672,92.76258850097656,106.76908111572266,63.08759307861328,849.237548828125,66.95734405517578,131.6999969482422,139.77565002441406,177.09414672851562,278.1499938964844,215.4505615234375,48.130001068115234,155.7073974609375,77.11000061035156,25.519561767578125,71.28887939453125,117.59223937988281,257.5911865234375,179.36495971679688,6.721742153167725
2025-09-11,245.17361450195312,169.2140655517578,155.6699981689453,154.6999969482422,798.89794921875,10.999350547790527,357.0141296386719,159.32000732421875,83.24150848388672,24.610000610351562,95.41328430175781,114.94384765625,63.36044692993164,834.5404663085938,66.44841766357422,131.07000732421875,150.32872009277344,176.94430541992188,288.19000244140625,219.31192016601562,49.02000045776367,158.21517944335938,88.58000183105469,25.87578773498535,72.33496856689453,115.33658599853516,256.0779113769531,179.69639587402344,6.652952194213867
2025-09-12,242.18106079101562,166.8769989013672,158.57000732421875,150.63999938964844,808.5443725585938,10.939949035644531,357.2523498535156,161.99000549316406,86.94866180419922,24.079999923706055,95.8847427368164,116.31625366210938,63.04861831665039,828.3438110351562,67.2068099975586,131.8699951171875,156.97804260253906,177.593505859375,293.1000061035156,214.99859619140625,48.2599983215332,158.52865600585938,86.02999877929688,25.638303756713867,72.12187194824219,112.02301025390625,256.4933166503906,177.9905548095703,6.643125534057617
2025-09-15,241.88475036621094,169.98976135253906,161.16000366210938,153.86000061035156,861.624755859375,11.088454246520996,361.4416809082031,163.97999572753906,89.86854553222656,24.770000457763672,98.36038970947266,118.55386352539062,61.55766677856445,843.8057250976562,67.28663635253906,131.4199981689453,157.51718139648438,177.52357482910156,299.42999267578125,215.44073486328125,48.11000061035156,157.9311065673828,94.87999725341797,26.69708251953125,70.5818099975586,113.84947967529297,258.5208740234375,173.70164489746094,6.731569290161133
2025-09-16,241.0847625732422,172.58543395996094,160.4600067138672,153.85000610351562,872.6719970703125,11.187458992004395,357.3814697265625,164.4199981689453,92.2901382446289,25.270000457763672,98.52549743652344,119.80693054199219,62.804996490478516,851.0648193359375,68.7136001586914,131.17999267578125,158.5655059814453,174.65724182128906,302.17999267578125,217.13070678710938,49.560001373291016,160.79153442382812,97.05000305175781,26.954355239868164,71.88941955566406,113.70974731445312,260.0111389160156,173.1460418701172,6.711915016174316
2025-09-17,243.27734375,177.1501922607422,159.16000366210938,153.3699951171875,866.5623168945312,11.187458992004395,343.65203857421875,164.44000244140625,91.78190612792969,24.899999618530273,98.45587158203125,121.22906494140625,64.1010513305664,871.5614013671875,70.82909393310547,131.8699951171875,159.73362731933594,170.0730743408203,296.4200134277344,219.01992797851562,49.79999923706055,161.88868713378906,97.5199966430664,26.904882431030273,72.15093231201172,114.09899139404297,260.7354736328125,175.74862670898438,6.780704975128174
2025-09-18,245.97360229492188,188.71620178222656,157.9199981689453,146.5399932861328,921.7289428710938,11.355766296386719,342.8380126953125,172.30999755859375,95.63854217529297,30.56999969482422,104.10737609863281,125.62472534179688,64.56880950927734,911.4026489257812,74.07218170166016,129.72999572753906,168.61935424804688,176.01551818847656,310.8399963378906,223.58016967773438,51.83000183105469,164.7001495361328,107.37999725341797,28.09229850769043,74.61116790771484,118.59029388427734,266.53973388671875,177.03529357910156,6.8691487312316895
2025-09-19,242.299560546875,189.05433654785156,157.38999938964844,142.91000366210938,926.0504760742188,11.345865249633789,342.43096923828125,169.55999755859375,92.99769592285156,29.579999923706055,103.9203872680664,126.22142028808594,63.48713302612305,909.992431640625,74.10211181640625,127.12000274658203,162.46922302246094,176.4449462890625,309.5899963378906,221.15200805664062,51.06999969482422,163.44625854492188,102.3499984741211,27.50848388671875,76.47087860107422,119.61830139160156,262.7991638183594,174.84210205078125,7.016555309295654
2025-09-22,244.2847137451172,199.41700744628906,159.7899932861328,144.47999572753906,951.5325927734375,11.593375205993652,336.9019775390625,164.10000610351562,95.47909545898438,28.760000228881836,106.55020904541016,131.47235107421875,63.73074722290039,916.3976440429688,75.36941528320312,129.49000549316406,164.356201171875,183.37612915039062,315.4100036621094,222.8102569580078,51.5,166.25770568847656,106.94000244140625,28.22093391418457,80.3646469116211,134.9186553955078,270.49853515625,175.08578491210938,7.134480953216553
2025-09-23,243.73165893554688,199.7650909423828,160.89999389648438,140.99000549316406,957.205322265625,11.583475112915039,337.0511169433594,162.25999450683594,95.43922424316406,29.34000015258789,106.54524230957031,131.203857421875,63.05835723876953,907.9170532226562,74.46136474609375,128.8000030517578,166.14332580566406,178.2027130126953,310.8800048828125,222.70167541503906,50.41999816894531,166.07159423828125,102.62000274658203,28.449243545532227,78.7083511352539,134.4196319580078,280.4997253417969,177.4447021484375,7.242578983306885
2025-09-24,245.53904724121094,200.33197021484375,160.8800048828125,144.3000030517578,940.74365234375,11.425068855285645,337.4190673828125,149.3800048828125,93.16710662841797,31.219999313354492,106.29358673095703,127.86571502685547,64.16925811767578,902.137451171875,79.91972351074219,126.66000366210938,161.4508819580078,176.74456787109375,307.44000244140625,224.71530151367188,50.939998626708984,170.0095672607422,100.7300033569336,28.806596755981445,78.12718963623047,132.95248413085938,278.51531982421875,179.78411865234375,7.350677013397217
2025-09-25,244.47239685058594,198.50209045410156,161.27000427246094,140.64999389648438,943.3365478515625,11.345865249633789,334.2269592285156,144.94000244140625,91.62246704101562,33.9900016784668,105.34172058105469,127.6763916015625,63.18504333496094,885.1959838867188,83.63182067871094,123.87999725341797,156.5786895751953,177.4636688232422,306.95001220703125,223.8762969970703,49.77000045776367,166.218505859375,100.76000213623047,28.091890335083008,76.86800384521484,132.6131134033203,274.49700927734375,177.4447021484375,7.321195602416992
2025-09-26,244.50201416015625,202.79832458496094,159.4600067138672,139.6199951171875,945.293701171875,11.058753967285156,332.66571044921875,142.92999267578125,92.76848602294922,35.5,105.85794067382812,127.87568664550781,62.775760650634766,881.3826904296875,82.99317169189453,129.38999938964844,157.01797485351562,177.96302795410156,309.760009765625,223.11624145507812,50.15999984741211,165.74830627441406,102.62000274658203,27.794095993041992,77.01329803466797,135.0484161376953,271.2227783203125,179.891357421875,7.409639835357666
2025-09-29,241.7662353515625,203.82266235351562,161.36000061035156,139.8000030517578,956.3111572265625,11.01915168762207,326.0726318359375,146.00999450683594,93.18704223632812,34.47999954223633,105.84203338623047,130.62588500976562,62.434696197509766,880.4293212890625,82.21482849121094,123.29000091552734,163.63735961914062,181.6183624267578,311.0899963378906,223.18536376953125,49.7599983215332,161.92787170410156,103.98999786376953,27.88343620300293,74.51431274414062,134.07029724121094,271.0938415527344,178.6046600341797,7.458775520324707
2025-09-30,242.6649932861328,203.6138153076172,161.7899932861328,141.49000549316406,961.7553100585938,10.9795503616333,328.0714416503906,145.61000061035156,92.14067077636719,33.54999923706055,107.28125762939453,133.4259490966797,62.58087158203125,915.854248046875,83.8912582397461,124.48999786376953,167.0518798828125,186.3423309326172,319.6600036621094,224.78439331054688,49.310001373291016,162.9662322998047,104.19999694824219,28.05218505859375,74.562744140625,137.3739013671875,277.1064453125,179.09202575683594,7.448947906494141
2025-10-01,236.3242950439453,216.54229736328125,164.00999450683594,150.3800048828125,996.705078125,11.01915168762207,331.53204345703125,144.91000366210938,93.63548278808594,35.939998626708984,112.28128814697266,142.28448486328125,62.47368240356445,911.1089477539062,83.7116470336914,126.55999755859375,181.85809326171875,187.0015106201172,331.32000732421875,222.00086975097656,48.349998474121094,163.09359741210938,103.13999938964844,28.15144920349121,73.94284057617188,140.84716796875,286.21466064453125,175.8363494873047,7.281887054443359
2025-10-02,238.6847686767578,222.36009216308594,169.72999572753906,152.14500427246094,1023.4290161132812,11.038951873779297,336.2953186035156,149.6300048828125,96.47563171386719,37.29999923706055,113.31471252441406,146.46961975097656,64.4421157836914,925.6729125976562,86.01673889160156,128.08999633789062,183.45555114746094,188.64939880371094,329.0,224.7646484375,48.7400016784668,165.40545654296875,103.70999908447266,28.67755126953125,74.94049835205078,144.25057983398438,285.85748291015625,177.71763610839844,7.163961887359619
2025-10-03,239.0008087158203,216.3334503173828,164.6699981689453,152.63999938964844,1025.4656982421875,10.969649314880371,336.4842834472656,143.8699951171875,98.26942443847656,36.83000183105469,109.5639419555664,145.29379272460938,64.8416519165039,914.0536499023438,86.03669738769531,127.41000366210938,187.64645385742188,187.38099670410156,322.0299987792969,225.92938232421875,49.27000045776367,165.7287139892578,99.98999786376953,28.57828712463379,74.67897033691406,145.35845947265625,289.90557861328125,175.76812744140625,7.1246538162231445
2025-10-06,239.5045166015625,222.67835998535156,203.7100067138672,156.22000122070312,1036.4732666015625,11.276562690734863,333.6203308105469,147.4199981689453,99.91373443603516,36.59000015258789,113.35946655273438,148.62196350097656,64.89037322998047,963.0674438476562,88.73094940185547,131.7100067138672,190.7733917236328,185.3036651611328,330.9800109863281,228.4266815185547,50.349998474121094,165.1801300048828,101.0,28.707332611083984,74.49494171142578,147.58413696289062,300.0357666015625,177.2205047607422,7.222924709320068
2025-10-07,230.86260986328125,210.39627075195312,211.50999450683594,159.34500122070312,995.7413940429688,11.26666259765625,334.53521728515625,137.1999969482422,91.97125244140625,37.16999816894531,107.89196014404297,139.85313415527344,63.30198287963867,940.5750732421875,86.78509521484375,127.97000122070312,185.508544921875,184.80429077148438,312.8699951171875,216.73980712890625,48.16999816894531,162.08460998535156,96.83999633789062,27.95292091369629,72.00564575195312,139.86907958984375,291.731201171875,172.58067321777344,7.163961887359619
2025-10-08,234.990966796875,216.3135528564453,235.55999755859375,166.77000427246094,981.34619140625,11.741881370544434,343.5745544433594,148.8699951171875,94.23340606689453,37.43000030517578,105.68885040283203,142.0353546142578,65.21195220947266,975.8009643554688,92.30335235595703,133.19000244140625,196.34793090820312,188.86911010742188,321.489990234375,222.721435546875,50.880001068115234,164.34750366210938,99.43000030517578,28.697404861450195,73.71038055419922,144.32044982910156,302.13916015625,177.01580810546875,7.419466972351074
2025-10-09,234.94158935546875,219.0882110595703,232.88999938964844,170.66000366210938,974.123779296875,11.593375205993652,343.09722900390625,151.14999389648438,93.90455627441406,37.79999923706055,104.78173828125,140.50082397460938,64.17900848388672,974.1595458984375,90.48721313476562,132.97999572753906,192.1420440673828,192.32470703125,324.05999755859375,218.55601501464844,49.970001220703125,162.28053283691406,98.72000122070312,28.488950729370117,71.32762145996094,144.90931701660156,297.5354919433594,174.44247436523438,7.350677013397217
2025-10-10,222.53672790527344,208.79513549804688,214.89999389648438,154.80999755859375,930.0640258789062,10.969649314880371,322.82086181640625,138.8300018310547,83.35112762451172,36.369998931884766,97.74768829345703,130.9049072265625,58.86811447143555,899.7384643554688,85.48455047607422,122.18000030517578,181.4225311279297,182.92669677734375,302.2799987792969,202.71360778808594,45.7400016784668,150.45675659179688,89.56999969482422,26.910642623901367,66.9883041381836,131.8246612548828,278.4657287597656,167.36572265625,7.055863857269287
2025-10-13,231.771240234375,218.27273559570312,216.4199981689453,171.94000244140625,978.2168579101562,11.613175392150879,354.7121276855469,149.89999389648438,91.59256744384766,37.220001220703125,101.95001983642578,137.32211303710938,62.74652862548828,976.5669555664062,89.2590103149414,130.52999877929688,192.58163452148438,188.08013916015625,319.05999755859375,213.89706420898438,50.11000061035156,158.4796905517578,97.01000213623047,28.588212966918945,71.06610870361328,138.8610382080078,300.52197265625,170.68963623046875,7.50791072845459
2025-10-14,232.4921875,216.9898223876953,218.08999633789062,168.16000366210938,976.74658203125,11.207259178161621,342.2121887207031,129.75,90.62590789794922,35.630001068115234,102.02063751220703,137.82034301757812,62.95116424560547,963.2167358398438,86.09366607666016,131.5399932861328,186.877197265625,179.80067443847656,314.0799865722656,213.314697265625,49.540000915527344,158.44052124023438,94.8499984741211,28.121671676635742,70.48493194580078,136.70521545410156,293.62628173828125,169.54916381835938,7.272060394287109
2025-10-15,235.208251953125,226.3281707763672,238.60000610351562,170.6699981689453,1003.2023315429688,11.811184883117676,349.3720397949219,131.41000366210938,94.29320526123047,37.150001525878906,108.11774444580078,144.2674560546875,63.545597076416016,1002.6904907226562,88.7597427368164,136.8300018310547,191.75242614746094,179.60093688964844,332.1300048828125,214.42019653320312,50.36000061035156,159.64541625976562,97.22000122070312,28.756961822509766,71.88941955566406,140.7573699951172,302.3277282714844,170.84561157226562,7.291714668273926
2025-10-16,238.62550354003906,226.4674072265625,234.55999755859375,171.19000244140625,1012.918212890625,12.454710960388184,352.1763610839844,136.52999877929688,90.22730255126953,36.84000015258789,109.29041290283203,141.865966796875,63.68202590942383,1021.4921875,88.10071563720703,137.94000244140625,202.3320770263672,181.57839965820312,331.3299865722656,214.59786987304688,52.970001220703125,160.73275756835938,98.1500015258789,29.124244689941406,72.13155364990234,139.0306854248047,297.49578857421875,171.05027770996094,7.301541328430176
2025-10-17,239.86993408203125,223.75241088867188,233.0800018310547,165.61000061035156,1022.5349731445312,12.593317031860352,347.3832092285156,143.61000061035156,90.62590789794922,37.0099983215332,110.07219696044922,141.00901794433594,63.47739028930664,999.427490234375,87.82112884521484,136.82000732421875,202.18223571777344,182.9866180419922,330.75,211.5774688720703,52.529998779296875,160.11561584472656,96.26000213623047,29.0349063873291,72.95486450195312,137.89292907714844,292.7729797363281,172.12252807617188,7.340849876403809
2025-10-20,243.17857360839844,226.87515258789062,240.55999755859375,171.5,1035.33056640625,12.860627174377441,347.293701171875,151.66000366210938,92.28018188476562,38.099998474121094,114.67040252685547,143.5400390625,65.3581314086914,1026.2274169921875,85.7142105102539,140.3300018310547,206.5679473876953,182.4073486328125,337.0899963378906,216.97671508789062,54.88999938964844,163.6323699951172,97.7699966430664,29.98784637451172,73.7491226196289,138.92091369628906,295.3725280761719,175.05653381347656,7.38998556137085
2025-10-21,243.32669067382812,224.75686645507812,238.02999877929688,169.3800048828125,1018.3128662109375,12.553714752197266,340.7503967285156,144.1699981689453,92.34994506835938,38.119998931884766,114.12732696533203,144.52651977539062,65.79663848876953,1023.3226318359375,84.13653564453125,139.41000366210938,202.09231567382812,180.9292449951172,333.3599853515625,219.464111328125,55.08000183105469,165.38587951660156,97.51000213623047,30.315420150756836,74.00096130371094,143.05291748046875,292.2074890136719,176.27499389648438,7.321195602416992
2025-10-22,237.3909454345703,219.34678649902344,230.22999572753906,165.7100067138672,1004.9508056640625,12.335906028747559,338.4035339355469,137.1999969482422,88.50326538085938,36.91999816894531,110.83409118652344,140.74993896484375,62.853729248046875,996.1943969726562,80.93123626708984,135.91000366210938,198.2760467529297,180.05035400390625,327.70001220703125,214.3511199951172,51.93000030517578,165.81689453125,94.44999694824219,28.90586280822754,71.64726257324219,138.57159423828125,286.6214599609375,166.4007110595703,7.252406120300293
2025-10-23,240.28475952148438,227.21327209472656,234.99000549316406,166.60000610351562,1029.6282958984375,12.692319869995117,342.3713073730469,150.97000122070312,90.43657684326172,38.15999984741211,115.27812194824219,147.01766967773438,63.42865753173828,1065.2337646484375,82.6487045288086,139.30999755859375,206.50799560546875,181.92796325683594,340.3500061035156,217.87493896484375,51.779998779296875,166.56137084960938,101.61000061035156,25.074247360229492,73.40042114257812,144.7595977783203,288.4570007324219,167.8433380126953,7.38998556137085
2025-10-24,235.06996154785156,227.49171447753906,252.9199981689453,170.67999267578125,1026.33984375,12.850726127624512,352.1564636230469,155.5500030517578,91.20391082763672,38.279998779296875,117.64733123779297,151.1430206298828,61.55766677856445,1069.3223876953125,84.0067138671875,140.85000610351562,218.8059844970703,186.02273559570312,345.05999755859375,216.32525634765625,50.709999084472656,165.49362182617188,105.41999816894531,24.677188873291016,71.7150650024414,144.00106811523438,292.6539306640625,164.860595703125,7.409639835357666
2025-10-27,240.00820922851562,230.05752563476562,259.6700134277344,178.6199951171875,1053.0439453125,13.098237037658691,360.0323181152344,154.9600067138672,93.99424743652344,39.540000915527344,120.86100006103516,156.34454345703125,62.90244674682617,1099.3056640625,88.58000946044922,146.38999938964844,219.8849334716797,191.24609375,351.19000244140625,218.69419860839844,52.68000030517578,183.85133361816406,113.61000061035156,25.28270149230957,73.45854187011719,147.21484375,295.9182434082031,165.13352966308594,7.439121246337891
2025-10-28,236.39341735839844,226.38783264160156,258.010009765625,173.08999633789062,1045.593017578125,13.22694206237793,370.8914489746094,162.17999267578125,91.39325714111328,41.529998779296875,119.95687866210938,155.06906127929688,62.01566696166992,1080.7127685546875,88.33037567138672,147.8800048828125,221.69314575195312,200.77392578125,340.9599914550781,210.2054443359375,51.79999923706055,177.3369903564453,103.72000122070312,25.024612426757812,77.73974609375,144.1008758544922,299.1725769042969,162.69662475585938,7.498083591461182
2025-10-29,232.13665771484375,234.45323181152344,264.3299865722656,170.38999938964844,1065.7203369140625,14.286286354064941,383.8289794921875,171.52000427246094,94.31632995605469,41.34000015258789,122.86518859863281,160.10118103027344,60.943748474121094,1088.3927001953125,90.01790618896484,152.66000366210938,226.40853881835938,206.77627563476562,351.5799865722656,202.06214904785156,51.400001525878906,175.02511596679688,111.36000061035156,24.498512268066406,76.26747131347656,173.60372924804688,302.7047424316406,156.21449279785156,7.262232780456543
2025-10-30,230.02310180664062,231.2708282470703,254.83999633789062,165.4499969482422,1070.3082275390625,14.890210151672363,374.3719787597656,166.6199951171875,87.29297637939453,40.15999984741211,120.78939819335938,160.4399871826172,60.48574447631836,1081.9066162109375,88.44021606445312,150.61000061035156,223.79107666015625,202.63156127929688,344.0,203.71055603027344,50.849998474121094,173.64389038085938,107.75,24.27020263671875,76.67428588867188,176.53807067871094,300.8493347167969,156.45819091796875,7.399812698364258
2025-10-31,231.2379150390625,231.8177947998047,256.1199951171875,169.82000732421875,1054.1658935546875,15.850550651550293,367.570068359375,187.6199951171875,91.35334777832031,39.9900016784668,120.22543334960938,156.90255737304688,60.826805114746094,999.7757568359375,93.6026382446289,148.1300048828125,223.55133056640625,202.23207092285156,344.6400146484375,206.41510009765625,50.08000183105469,177.20962524414062,102.83999633789062,24.290056228637695,75.27951049804688,181.40859985351562,298.0811767578125,158.7889862060547,7.576700687408447
2025-11-03,230.7243194580078,236.40245056152344,259.6499938964844,168.67999267578125,1061.7196044921875,16.028757095336914,360.5295104980469,180.63999938964844,91.16380310058594,39.5,121.25984954833984,160.669189453125,60.81706619262695,998.7112426757812,90.23758697509766,150.19000244140625,234.47064208984375,206.61648559570312,347.75,207.66868591308594,50.459999084472656,177.03330993652344,105.76000213623047,24.220571517944336,74.13655090332031,182.71607971191406,302.4765319824219,158.7889862060547,7.704452991485596
2025-11-04,226.54660034179688,228.92381286621094,250.0500030517578,160.72999572753906,1025.2149658203125,15.216923713684082,349.9786682128906,164.22999572753906,86.25544738769531,37.029998779296875,118.70861053466797,155.22848510742188,57.98133850097656,952.8906860351562,87.46163940429688,144.1300048828125,217.81692504882812,198.43690490722656,327.260009765625,201.77590942382812,48.279998779296875,169.31405639648438,100.31999969482422,23.247779846191406,69.72943115234375,175.31040954589844,291.75103759765625,156.72372436523438,7.468602180480957
2025-11-05,233.08480834960938,239.56497192382812,256.3299865722656,160.19000244140625,1038.7598876953125,15.672342300415039,356.9794616699219,173.16000366210938,88.29061889648438,38.380001068115234,122.05158233642578,164.46568298339844,59.24816131591797,994.950927734375,92.76387023925781,149.67999267578125,237.2678985595703,194.9613494873047,342.2200012207031,207.71804809570312,50.08000183105469,176.0537109375,108.61000061035156,23.823511123657227,71.15326690673828,187.2273406982422,291.3442687988281,160.86407470703125,7.625836372375488
2025-11-06,230.00335693359375,232.2454376220703,237.6999969482422,158.25,1024.2794189453125,15.216923713684082,353.6083068847656,162.74000549316406,85.49723815917969,37.2400016784668,119.99269104003906,161.61581420898438,57.835166931152344,953.0896606445312,93.19324493408203,166.9199981689453,238.0970916748047,187.84043884277344,314.0199890136719,203.77964782714844,48.79999923706055,169.66671752929688,106.48999786376953,23.466157913208008,68.42182159423828,184.66232299804688,286.9786376953125,158.71031188964844,7.1836161613464355
2025-11-07,225.65769958496094,228.8044891357422,233.5399932861328,152.3800048828125,1012.0979614257812,15.068418502807617,347.4826354980469,163.61000061035156,86.4649429321289,38.130001068115234,118.69668579101562,158.78587341308594,54.843528747558594,953.2786865234375,90.78677368164062,170.02999877929688,237.6875,187.91030883789062,307.5899963378906,201.91409301757812,47.83000183105469,167.40383911132812,107.66999816894531,23.35696792602539,67.39511108398438,181.92759704589844,284.26007080078125,157.89404296875,7.281887054443359
2025-11-10,229.1342315673828,233.78692626953125,243.97999572753906,154.83999633789062,1033.823486328125,15.226824760437012,356.39276123046875,170.16000366210938,85.75662231445312,38.45000076293945,121.14148712158203,165.781005859375,53.995731353759766,971.2348022460938,93.09339141845703,178.4199981689453,253.05245971679688,198.7964630126953,318.1099853515625,202.47671508789062,48.540000915527344,168.06997680664062,110.5999984741211,23.555498123168945,66.93019104003906,183.72413635253906,292.96148681640625,157.9235382080078,7.301541328430176
2025-11-11,230.52679443359375,227.4121856689453,237.52000427246094,149.74000549316406,1017.5318603515625,14.83080768585205,349.9985656738281,158.5,83.48201751708984,37.880001068115234,118.45100402832031,158.61647033691406,53.3135986328125,949.7471313476562,89.19910430908203,169.97999572753906,240.8743896484375,192.91395568847656,308.8900146484375,200.23606872558594,48.43000030517578,170.4307861328125,104.93000030517578,23.525718688964844,66.68803405761719,176.88735961914062,288.8935852050781,157.08758544921875,7.252406120300293
2025-11-12,238.45761108398438,229.46083068847656,258.8900146484375,148.75,1032.37060546875,14.84070873260498,353.24041748046875,160.33999633789062,83.84117126464844,37.88999938964844,119.25366973876953,160.84852600097656,54.21011734008789,953.3681640625,89.19910430908203,170.88999938964844,244.66065979003906,193.55313110351562,311.8599853515625,201.4403076171875,49.27000045776367,173.06593322753906,102.20999908447266,23.823511123657227,67.27887725830078,178.92343139648438,288.3478698730469,160.3920135498047,7.114826202392578
2025-11-13,234.5959014892578,222.00210571289062,247.9600067138672,140.30999755859375,1014.984130859375,14.484293937683105,338.0853271484375,142.9499969482422,80.86820983886719,35.90999984741211,115.54866027832031,152.7772216796875,53.411048889160156,919.4852294921875,87.39175415039062,162.24000549316406,236.71844482421875,186.62197875976562,296.8500061035156,198.61729431152344,48.130001068115234,170.94020080566406,92.37000274658203,23.605131149291992,66.02938842773438,169.2621307373047,279.9937438964844,159.54623413085938,6.987074375152588
2025-11-14,231.98851013183594,224.7667999267578,246.80999755859375,139.77000427246094,1002.1657104492188,14.464492797851562,340.5514831542969,145.52000427246094,78.09479522705078,35.52000045776367,112.8233642578125,147.73512268066406,52.114994049072266,915.4065551757812,86.32331848144531,162.5,246.58877563476562,189.92774963378906,290.30999755859375,194.5505828857422,46.91999816894531,170.4307861328125,95.25,23.168365478515625,64.5086898803711,169.6414031982422,282.59320068359375,156.6942138671875,7.016555309295654
2025-11-17,227.0996551513672,227.45196533203125,240.52000427246094,140.25999450683594,1015.1234741210938,14.157580375671387,340.7404479980469,145.5800018310547,74.61305236816406,34.709999084472656,112.95088958740234,146.93795776367188,50.380428314208984,892.3470458984375,83.32771301269531,159.8300018310547,241.7135772705078,186.36231994628906,286.7799987792969,188.0458221435547,46.02000045776367,163.34829711914062,91.12999725341797,22.572776794433594,61.17670440673828,167.11630249023438,279.80517578125,152.426025390625,6.898630142211914
2025-11-18,227.28733825683594,223.88169860839844,230.2899932861328,136.0399932861328,999.2596435546875,14.028875350952148,338.6024169921875,139.55999755859375,72.58786010742188,34.33000183105469,111.89381408691406,142.73289489746094,49.57160949707031,852.5052490234375,78.56471252441406,158.22000122070312,228.27670288085938,181.12899780273438,283.6300048828125,186.15066528320312,45.560001373291016,161.69276428222656,87.69999694824219,22.175718307495117,61.04935836791992,163.40350341796875,275.7372741699219,154.71749877929688,6.937938690185547
2025-11-19,229.33175659179688,233.8366241455078,223.5500030517578,136.99000549316406,1034.3609619140625,13.92987060546875,352.4448547363281,141.8800048828125,73.595458984375,35.11000061035156,116.31441497802734,148.273193359375,49.50339889526367,880.0513305664062,81.20084381103516,161.57000732421875,225.69923400878906,186.28240966796875,289.7300109863281,187.6016387939453,46.119998931884766,162.7213592529297,90.22000122070312,22.185646057128906,61.3138542175293,167.90478515625,280.1623840332031,154.49127197265625,7.104999542236328
2025-11-20,222.418212890625,219.4479217529297,206.02000427246094,132.52999877929688,976.3496704101562,13.613058090209961,344.8872375488281,134.72999572753906,68.6372299194336,33.619998931884766,109.83744049072266,139.09580993652344,47.76882553100586,852.7340698242188,76.56764221191406,155.38999938964844,201.17320251464844,180.40989685058594,275.7799987792969,181.80758666992188,44.900001525878906,156.33438110351562,87.27999877929688,21.04410171508789,59.2664680480957,155.59860229492188,275.3304443359375,150.79347229003906,6.996901035308838
2025-11-21,229.4502716064453,223.21449279785156,203.77999877929688,131.57000732421875,961.9489135742188,13.682360649108887,338.3041076660156,133.49000549316406,73.48572540283203,34.5,109.30641174316406,142.1449737548828,49.60084915161133,867.815185546875,77.33650207519531,158.27000427246094,207.16734313964844,178.6521453857422,280.4200134277344,188.8749542236328,46.70000076293945,159.96868896484375,88.1500015258789,21.808439254760742,61.33344650268555,158.60279846191406,272.9095153808594,156.7630615234375,7.114826202392578
2025-11-24,236.4427947998047,230.08999633789062,215.0500030517578,134.7100067138672,983.0972900390625,14.018974304199219,375.8536682128906,150.85000610351562,73.81494140625,35.790000915527344,113.25276184082031,149.84764099121094,50.392372131347656,888.3280639648438,83.66722106933594,165.97000122070312,223.71116638183594,182.31747436523438,298.04998779296875,189.08224487304688,47.38999938964844,161.69276428222656,92.75,21.917631149291992,61.76447296142578,165.77432250976562,282.4146423339844,158.59228515625,7.311368465423584
2025-11-25,248.9069366455078,241.59898376464844,206.1300048828125,131.44000244140625,998.4236450195312,14.038776397705078,382.88427734375,154.17999267578125,73.54558563232422,35.83000183105469,114.1653823852539,151.39212036132812,50.962669372558594,903.88671875,83.30774688720703,165.8800048828125,224.31057739257812,177.593505859375,301.05999755859375,188.5492401123047,48.310001373291016,159.96868896484375,92.44999694824219,22.294836044311523,62.21509552001953,167.47230529785156,282.4543151855469,159.09385681152344,7.144307613372803
2025-11-26,254.73403930664062,249.08230590820312,214.24000549316406,132.61000061035156,1035.9931640625,14.256584167480469,395.3543701171875,164.00999450683594,74.9023666381836,36.810001373291016,115.478515625,154.5907745361328,51.69028854370117,920.1417846679688,87.59146118164062,168.05999755859375,230.03497314453125,180.03036499023438,307.6700134277344,191.25376892089844,49.63999938964844,161.77113342285156,94.87000274658203,22.483440399169922,64.00778198242188,179.1685333251953,287.6930236816406,162.61463928222656,7.203270435333252
2025-11-28,262.0623779296875,251.3542022705078,217.52999877929688,135.55999755859375,1054.9322509765625,14.801106452941895,400.7143249511719,177.60000610351562,76.95748901367188,40.560001373291016,117.1124496459961,155.4477081298828,52.68338394165039,923.3450317382812,89.26900482177734,174.99000549316406,236.2489013671875,176.7745361328125,312.8399963378906,192.41851806640625,50.2400016784668,164.6609649658203,95.56999969482422,22.820940017700195,64.60533905029297,181.67556762695312,289.2309265136719,165.486328125,7.3310227394104
2025-12-01,263.2179260253906,253.8453369140625,219.75999450683594,135.00999450683594,1082.788330078125,14.682302474975586,383.92840576171875,171.1300048828125,76.10950469970703,40.0099983215332,115.29020690917969,154.2419891357422,52.535892486572266,923.5241088867188,90.96650695800781,172.85000610351562,240.22503662109375,179.69081115722656,305.80999755859375,196.90968322753906,50.43000030517578,164.61196899414062,94.19000244140625,22.989688873291016,64.48779296875,179.418212890625,285.43084716796875,165.37815856933594,7.399812698364258
2025-12-02,269.59814453125,264.3877258300781,215.24000549316406,136.47999572753906,1103.4791259765625,15.117920875549316,379.4435729980469,188.44000244140625,79.63114929199219,43.470001220703125,118.54612731933594,157.62997436523438,55.76100540161133,947.230224609375,92.7538833618164,177.91000366210938,239.25596618652344,181.22886657714844,316.7099914550781,212.5645294189453,51.47999954223633,167.21771240234375,96.20999908447266,23.912851333618164,66.8486557006836,189.71604919433594,289.8063659667969,172.36068725585938,7.645490646362305
2025-12-03,274.8030090332031,267.6760559082031,217.60000610351562,139.19000244140625,1135.46533203125,15.246624946594238,378.4888610839844,189.19000244140625,86.06588745117188,43.7599983215332,120.72704315185547,159.44650268554688,62.545536041259766,953.0399169921875,100.05317687988281,183.4600067138672,233.93118286132812,179.3612518310547,322.55999755859375,224.61659240722656,57.150001525878906,171.4985809326172,98.02999877929688,25.620203018188477,67.95561981201172,194.85000610351562,293.14013671875,179.5792694091797,7.714280128479004
2025-12-04,273.83514404296875,268.4831848144531,215.97999572753906,140.49000549316406,1104.7728271484375,15.009015083312988,378.90655517578125,180.9199981689453,87.93147277832031,40.5,120.36138916015625,156.79156494140625,63.636962890625,947.7872924804688,98.0461196899414,187.05999755859375,226.4285125732422,183.15660095214844,320.5400085449219,223.23471069335938,54.790000915527344,171.66595458984375,98.80999755859375,25.471303939819336,67.60295867919922,198.3958282470703,290.6398010253906,177.1403045654297,7.73393440246582
2025-12-05,277.8153991699219,267.0482482910156,217.97000122070312,141.30999755859375,1094.2135009765625,15.058517456054688,388.0652160644531,176.0399932861328,88.93907928466797,41.40999984741211,120.99703216552734,158.3985137939453,64.70872497558594,958.2725830078125,98.76506042480469,184.10000610351562,236.98818969726562,182.1877899169922,324.45001220703125,225.0015411376953,54.7400016784668,172.11886596679688,101.5999984741211,25.808805465698242,67.90663146972656,200.53330993652344,292.41583251953125,179.52024841308594,7.881341457366943
2025-12-08,276.6557312011719,267.2077331542969,221.11000061035156,139.77999877929688,1114.336669921875,15.58323860168457,398.8647155761719,178.94000244140625,88.88919067382812,40.29999923706055,122.00628662109375,162.4308319091797,66.22294616699219,978.467041015625,91.86518859863281,185.5399932861328,246.6787109375,185.323974609375,332.82000732421875,226.04783630371094,56.380001068115234,172.61117553710938,104.06999969482422,25.689687728881836,67.79887390136719,202.7506866455078,299.5098876953125,177.9467315673828,7.91082239151001
2025-12-09,273.7913513183594,266.1913146972656,221.6199951171875,141.92999267578125,1106.1260986328125,15.810948371887207,404.0257873535156,170.2899932861328,92.37093353271484,40.5,122.10790252685547,165.4949951171875,65.73131561279297,957.9442749023438,88.76973724365234,188.0800018310547,252.17333984375,184.7446746826172,336.6400146484375,225.10025024414062,55.22999954223633,173.29054260253906,104.70999908447266,25.749248504638672,67.14253997802734,199.73423767089844,301.0378723144531,176.55023193359375,7.950130939483643
2025-12-10,279.0741271972656,274.1728515625,221.4199981689453,141.52000427246094,1113.968505859375,16.266366958618164,410.6685485839844,157.97999572753906,94.50587463378906,40.779998779296875,123.43299102783203,167.94033813476562,66.76374816894531,973.9307861328125,92.33450317382812,186.22999572753906,263.4522705078125,183.55612182617188,334.8299865722656,228.8123321533203,55.099998474121094,179.4049530029297,106.83999633789062,26.12645149230957,67.40702819824219,203.7694549560547,307.7153015136719,178.66464233398438,7.861686706542969
2025-12-11,280.87799072265625,269.1507568359375,221.42999267578125,136.13999938964844,1117.4716796875,16.236665725708008,404.1053466796875,154.47000122070312,95.76288604736328,39.5099983215332,124.15730285644531,168.38949584960938,67.93383026123047,976.3779296875,89.29895782470703,189.86000061035156,258.2074279785156,180.70957946777344,335.82000732421875,229.85337829589844,55.970001220703125,178.47943115234375,106.01000213623047,26.066892623901367,66.85845184326172,203.72950744628906,303.2831726074219,178.66464233398438,7.7535881996154785
2025-12-12,276.84405517578125,258.2894592285156,210.77999877929688,130.88999938964844,1075.6824951171875,15.603039741516113,357.92413330078125,143.91000366210938,92.33103942871094,37.810001373291016,118.95062255859375,160.21505737304688,66.05580139160156,941.5897827148438,84.30628967285156,177.35000610351562,240.90435791015625,174.80679321289062,315.8399963378906,226.2146759033203,54.959999084472656,175.54527282714844,94.2300033569336,25.808805465698242,65.60455322265625,193.1420135498047,290.5390319824219,176.45187377929688,7.73393440246582
2025-12-15,277.9541015625,260.3421630859375,207.5800018310547,124.37000274658203,1082.619140625,15.424832344055176,337.916259765625,142.02000427246094,89.7072525024414,37.5099983215332,122.05810546875,163.9878692626953,66.05580139160156,944.4647216796875,84.13653564453125,175.2899932861328,237.2678985595703,176.07522583007812,324.20001220703125,229.85337829589844,55.09000015258789,176.50035095214844,95.44999694824219,26.26542091369629,65.01678466796875,194.47044372558594,286.2611083984375,175.02584838867188,7.704452991485596
2025-12-16,275.93218994140625,257.9207763671875,209.1699981689453,121.0999984741211,1070.905517578125,15.147621154785156,339.39794921875,140.33999633789062,87.75188446044922,37.310001373291016,121.8847427368164,162.9498291015625,64.7972183227539,946.41455078125,83.94680786132812,175.69000244140625,232.28277587890625,177.5034942626953,318.2099914550781,227.79112243652344,54.560001373291016,173.40870666503906,94.69000244140625,25.837125778198242,64.67391204833984,192.0632781982422,285.39556884765625,174.62265014648438,7.7535881996154785
2025-12-17,268.637451171875,247.3883514404297,198.11000061035156,114.58000183105469,1010.5752563476562,14.60309886932373,324.2030944824219,134.1300048828125,84.82881927490234,36.04999923706055,116.76873016357422,154.68556213378906,62.919185638427734,907.5078125,81.58028411865234,168.30999755859375,225.29962158203125,170.73175048828125,300.95001220703125,221.3267059326172,53.33000183105469,169.68687438964844,90.61000061035156,25.448673248291016,63.67471694946289,184.99163818359375,275.5364990234375,171.6034393310547,7.861686706542969
2025-12-18,272.4830627441406,252.59976196289062,201.05999755859375,113.51000213623047,1031.3555908203125,14.721903800964355,328.0416259765625,138.57000732421875,84.34996795654297,36.279998779296875,121.78710174560547,164.38710021972656,62.988006591796875,924.6482543945312,84.34622192382812,171.47000122070312,248.30711364746094,173.9278564453125,312.7799987792969,220.18650817871094,54.34000015258789,171.5084228515625,91.48999786376953,25.64788055419922,63.17510986328125,190.22544860839844,283.2168273925781,173.2753143310547,7.930476188659668
2025-12-19,272.0072937011719,255.49945068359375,213.42999267578125,114.02999877929688,1050.9713134765625,15.009015083312988,338.46319580078125,150.1300048828125,83.86111450195312,36.81999969482422,124.10649871826172,171.94273376464844,63.82378387451172,932.2385864257812,83.96678161621094,174.4199981689453,265.66015625,180.76953125,322.8299865722656,224.34078979492188,55.209999084472656,172.55209350585938,96.4000015258789,25.717601776123047,63.36124038696289,194.9498748779297,287.46490478515625,173.37364196777344,7.959958076477051
2025-12-22,273.37506103515625,258.0902099609375,214.9499969482422,113.29000091552734,1051.9266357421875,15.197123527526855,340.19683837890625,149.94000244140625,84.91861724853516,36.369998931884766,126.09810638427734,174.9270477294922,65.13153076171875,940.2467651367188,84.67574310302734,175.19000244140625,276.3197021484375,183.4662322998047,332.5199890136719,226.98802185058594,56.369998931884766,171.53794860839844,95.26000213623047,25.837125778198242,63.909820556640625,196.9874725341797,291.7726135253906,175.86181640625,7.989439010620117
2025-12-23,274.2770080566406,259.3058776855469,214.89999389648438,112.0199966430664,1056.7633056640625,15.375329971313477,348.0379333496094,147.80999755859375,84.7390365600586,36.349998474121094,126.40596008300781,174.82723999023438,64.25642395019531,938.6451416015625,87.55152130126953,176.27999877929688,276.0000305175781,188.97952270507812,333.95001220703125,224.0532684326172,55.689998626708984,172.05978393554688,94.19000244140625,25.95665168762207,63.165321350097656,198.26597595214844,295.4237976074219,174.1505889892578,7.832205295562744
2025-12-24,275.0996398925781,259.8539123535156,215.0399932861328,111.55000305175781,1060.42578125,15.39513111114502,348.93463134765625,150.19000244140625,85.28773498535156,36.15999984741211,127.22691345214844,176.9931182861328,64.26625061035156,948.2947387695312,86.36326599121094,175.80999755859375,286.39984130859375,188.38023376464844,336.3399963378906,223.33938598632812,55.08000183105469,172.07948303222656,94.4800033569336,26.01641273498535,63.194705963134766,198.29592895507812,297.2642517089844,174.1997528076172,7.861686706542969
2025-12-26,274.3860168457031,260.96990966796875,214.99000549316406,110.2699966430664,1067.6212158203125,15.563438415527344,350.8376159667969,144.8300018310547,86.06588745117188,36.20000076293945,127.48695373535156,177.73171997070312,63.85328674316406,941.4007568359375,86.2134780883789,175.00999450683594,284.5116882324219,190.2978973388672,330.9200134277344,220.9697723388672,54.93000030517578,172.11886596679688,94.11000061035156,26.135936737060547,62.900821685791016,198.66549682617188,301.2834777832031,173.9539031982422,7.881341457366943
2025-12-29,273.1867370605469,262.1158447265625,215.61000061035156,110.51000213623047,1060.903564453125,15.860450744628906,348.1076965332031,144.6999969482422,85.7366714477539,36.68000030517578,125.57305908203125,175.535888671875,63.568138122558594,925.205322265625,85.63433837890625,173.7100067138672,294.2011413574219,187.99070739746094,333.989990234375,218.580322265625,54.02000045776367,170.76010131835938,93.56999969482422,25.91680908203125,62.71469497680664,197.1273193359375,299.3733825683594,172.78358459472656,7.832205295562744
2025-12-30,272.3839416503906,259.0467834472656,215.33999633789062,110.86000061035156,1067.01416015625,15.870351791381836,348.56597900390625,144.9199981689453,86.48490142822266,37.29999923706055,123.90523529052734,173.44985961914062,63.59762954711914,919.107177734375,86.63287353515625,174.8699951171875,292.4621276855469,187.31153869628906,336.0400085449219,218.1044158935547,54.2400016784668,170.97671508789062,94.69000244140625,25.95665168762207,63.14572525024414,196.43812561035156,298.04022216796875,172.51805114746094,7.822378158569336
2025-12-31,268.7960205078125,256.0773620605469,214.16000366210938,109.30999755859375,1064.7449951171875,15.939654350280762,344.82977294921875,143.88999938964844,84.05066680908203,36.900001525878906,121.05880737304688,170.85479736328125,62.6536979675293,903.1734619140625,84.85548400878906,171.27999877929688,285.24627685546875,186.27279663085938,328.3900146484375,215.20932006835938,54.150001525878906,168.416748046875,91.88999938964844,25.837125778198242,62.11713409423828,193.331787109375,302.328125,170.61997985839844,7.724107265472412
2026-01-02,271.3135070800781,267.9151916503906,223.47000122070312,114.7300033569336,1158.216064453125,16.69208526611328,346.3441467285156,143.22000122070312,89.34809875488281,39.380001068115234,126.97584533691406,184.70843505859375,63.941776275634766,933.0181274414062,89.2590103149414,174.9600067138672,315.23907470703125,188.6199493408203,347.3399963378906,219.39332580566406,56.70000076293945,170.31703186035156,99.27999877929688,27.261457443237305,63.086952209472656,207.31529235839844,317.96728515625,174.58331298828125,7.704452991485596
2026-01-05,274.83203125,283.3103332519531,221.0800018310547,116.11000061035156,1222.318115234375,16.791088104248047,342.15960693359375,140.24000549316406,93.0593032836914,39.369998931884766,134.74501037597656,194.38999938964844,65.93779754638672,951.67236328125,90.09778594970703,170.75999450683594,311.970947265625,187.89083862304688,382.8800048828125,221.97116088867188,58.689998626708984,173.59576416015625,97.5,27.30129623413086,63.83145523071289,219.2412109375,320.5937194824219,174.2390899658203,7.635663032531738
2026-01-06,290.34332275390625,294.9588317871094,214.35000610351562,115.52999877929688,1236.2510986328125,17.32571029663086,342.50830078125,132.9499969482422,99.32444763183594,40.040000915527344,138.98428344726562,206.5668182373047,73.61711883544922,1001.8453369140625,88.10071563720703,171.77000427246094,343.23297119140625,187.0119171142578,391.30999755859375,243.85299682617188,61.7599983215332,179.64125061035156,97.0,29.293365478515625,64.91881561279297,228.5701904296875,325.7471008300781,188.92210388183594,7.979611873626709
2026-01-07,290.2937927246094,291.162353515625,210.02000427246094,115.68000030517578,1222.5968017578125,17.444517135620117,342.2392883300781,141.0,97.61849212646484,42.630001068115234,135.46633911132812,202.69419860839844,72.70267486572266,955.7080688476562,84.51597595214844,170.6199951171875,339.355224609375,188.87962341308594,379.0,237.29934692382812,61.88999938964844,177.41604614257812,91.6500015258789,28.765466690063477,58.6003303527832,222.2176971435547,317.0420837402344,182.63783264160156,8.77560806274414
2026-01-08,296.5082092285156,280.63983154296875,204.67999267578125,113.08000183105469,1188.6099853515625,17.15740394592285,331.2597351074219,141.58999633789062,99.61376190185547,41.11000061035156,131.9703369140625,200.57823181152344,72.29953002929688,955.7180786132812,83.32771301269531,167.66000366210938,326.8323974609375,184.8145751953125,375.7900085449219,235.86170959472656,60.88999938964844,179.07017517089844,91.33999633789062,27.92879867553711,59.42320251464844,216.05496215820312,316.3755187988281,185.33248901367188,8.402177810668945
2026-01-09,298.2624816894531,300.11041259765625,203.1699981689453,111.79000091552734,1267.78955078125,17.46431541442871,343.7038879394531,150.4199981689453,102.74633026123047,45.54999923706055,139.48243713378906,217.94515991210938,73.96125030517578,955.5984497070312,83.15785217285156,174.8699951171875,344.8920593261719,184.63479614257812,394.07000732421875,239.0939178466797,62.15999984741211,175.04315185546875,93.37999725341797,28.72562599182129,58.94319152832031,217.00384521484375,321.9666442871094,187.16172790527344,8.638028144836426
2026-01-12,291.255126953125,306.14892578125,207.69000244140625,111.13999938964844,1275.1044921875,18.088041305541992,350.9173278808594,156.07000732421875,101.59905242919922,44.060001373291016,142.28903198242188,219.9812774658203,72.16188049316406,963.7596435546875,82.82809448242188,197.5500030517578,345.6716003417969,184.71470642089844,403.6199951171875,236.29795837402344,58.75,166.66416931152344,92.9000015258789,28.23756980895996,57.650108337402344,224.09548950195312,330.0648193359375,185.94224548339844,8.696990966796875
2026-01-13,293.58428955078125,303.7873229980469,220.97000122070312,107.83999633789062,1264.0875244140625,18.51375961303711,353.3085021972656,161.3800048828125,101.8285140991211,47.290000915527344,143.6490020751953,213.9727325439453,72.83049774169922,979.822998046875,82.98797607421875,213.52000427246094,337.93603515625,185.58364868164062,404.6499938964844,237.05148315429688,59.40999984741211,162.74542236328125,95.4800033569336,28.317251205444336,57.30724334716797,228.99969482421875,329.5076599121094,185.41114807128906,8.510275840759277
2026-01-14,295.3485412597656,300.8179016113281,223.60000610351562,104.98999786376953,1257.67822265625,18.691965103149414,338.642578125,156.83999633789062,103.8437271118164,48.720001220703125,142.91969299316406,208.39334106445312,73.43029022216797,980.141845703125,81.14935302734375,215.00999450683594,333.1587829589844,182.91690063476562,413.0400085449219,238.75682067871094,60.58000183105469,162.0069580078125,100.62000274658203,27.769432067871094,58.6395149230957,229.91860961914062,325.4287414550781,190.24978637695312,8.638028144836426
2026-01-15,299.422119140625,317.94683837890625,227.9199981689453,105.11000061035156,1325.2337646484375,18.99888038635254,341.76104736328125,149.1199951171875,113.27136993408203,48.31999969482422,153.9248504638672,217.05685424804688,73.20413208007812,1005.9906616210938,80.31996154785156,218.92999267578125,336.4368896484375,186.82212829589844,434.54998779296875,236.56565856933594,60.279998779296875,158.90545654296875,103.06999969482422,27.888957977294922,57.26805877685547,227.43154907226562,339.88409423828125,185.9914093017578,8.618374824523926
2026-01-16,297.5885009765625,325.84869384765625,231.8300018310547,105.77999877929688,1352.0745849609375,19.21668815612793,350.4191589355469,150.97000122070312,117.07234954833984,46.959999084472656,156.20240783691406,222.5364227294922,73.44995880126953,1029.53759765625,80.39990997314453,220.67999267578125,362.54193115234375,186.0031280517578,445.70001220703125,235.08836364746094,60.33000183105469,156.96580505371094,107.98999786376953,27.918838500976562,56.59212875366211,227.88099670410156,340.6401672363281,188.4107208251953,9.13921070098877
2026-01-20,293.04913330078125,317.09991455078125,231.9199981689453,107.16999816894531,1319.72998046875,18.711767196655273,331.3793029785156,153.22000122070312,114.72791290283203,48.560001373291016,148.06858825683594,221.98748779296875,71.945556640625,1030.85302734375,79.74040222167969,221.6999969482422,364.7906494140625,177.85308837890625,452.0899963378906,228.73300170898438,60.060001373291016,151.69815063476562,110.0999984741211,27.012449264526367,56.23946762084961,223.71592712402344,325.4784851074219,186.45364379882812,10.593622207641602
2026-01-21,302.26666259765625,324.0849914550781,249.8000030517578,113.91999816894531,1353.58740234375,18.790969848632812,327.5932312011719,139.16000366210938,119.45669555664062,54.25,151.43809509277344,227.95611572265625,74.92485046386719,1071.15087890625,82.48834991455078,226.25,388.88677978515625,183.09669494628906,463.0199890136719,231.72727966308594,63.130001068115234,153.96275329589844,125.93000030517578,28.40689468383789,57.356224060058594,231.61659240722656,324.44384765625,191.19390869140625,10.93757152557373
2026-01-22,305.7851867675781,317.6579284667969,253.72999572753906,119.19999694824219,1388.3306884765625,18.87017250061035,324.2953796386719,135.10000610351562,118.23959350585938,54.31999969482422,149.44546508789062,220.2807159423828,74.20706939697266,1072.8846435546875,83.0379409790039,224.2899932861328,397.3518981933594,184.6148223876953,461.3699951171875,234.73143005371094,63.06999969482422,155.37074279785156,124.7699966430664,28.914873123168945,58.45338821411133,228.86984252929688,325.6874084472656,191.76431274414062,10.7115478515625
2026-01-23,302.89111328125,321.23516845703125,259.67999267578125,116.06999969482422,1382.399169921875,19.19688606262207,318.8753662109375,133.16000366210938,114.43860626220703,45.06999969482422,150.71875,217.52597045898438,73.45978546142578,1060.0001220703125,80.17008209228516,219.25999450683594,399.4207458496094,187.44137573242188,460.9100036621094,230.49783325195312,61.97999954223633,153.4212188720703,115.30999755859375,28.934791564941406,57.75786209106445,228.9097900390625,333.14886474609375,190.11209106445312,10.357771873474121
2026-01-26,301.3151550292969,318.3255310058594,251.30999755859375,114.7300033569336,1406.5927734375,19.632505416870117,323.6577453613281,128.02000427246094,115.3564224243164,42.4900016784668,153.73255920410156,222.44659423828125,73.53844451904297,1064.384765625,81.70893096923828,218.88999938964844,388.8667907714844,186.2428436279297,462.05999755859375,229.0800323486328,61.130001068115234,152.14122009277344,114.19000244140625,28.4865779876709,58.54155349731445,231.4767608642578,330.9999694824219,193.33782958984375,11.134113311767578
2026-01-27,301.1367492675781,331.5284729003906,252.02999877929688,114.87999725341797,1447.6356201171875,19.870115280151367,331.568603515625,129.57000732421875,120.12511444091797,43.93000030517578,161.0354766845703,238.00698852539062,73.90225982666016,1091.638427734375,82.8680648803711,219.1999969482422,410.0046691894531,188.29034423828125,477.07000732421875,227.46392822265625,62.630001068115234,150.68399047851562,115.70999908447266,29.24356460571289,58.82564163208008,238.65829467773438,336.6010437011719,193.37716674804688,12.264230728149414
2026-01-28,314.814453125,335.55413818359375,252.74000549316406,109.95999908447266,1416.1171875,20.058223724365234,332.0169372558594,129.66000366210938,120.464599609375,48.779998779296875,162.1184539794922,239.12486267089844,78.93657684326172,1157.6954345703125,83.55755615234375,226.25,435.03033447265625,191.28668212890625,487.17999267578125,237.9834747314453,64.93000030517578,150.34922790527344,124.44000244140625,30.209716796875,54.152896881103516,250.18467712402344,340.5406799316406,212.5939178466797,11.183249473571777
2026-01-29,315.875,340.1278076171875,252.17999267578125,108.43000030517578,1448.2030029296875,19.583003997802734,329.51617431640625,129.47000122070312,122.52142333984375,48.65999984741211,167.84817504882812,247.6985321044922,78.03197479248047,1178.9903564453125,81.27924346923828,227.72999572753906,435.5400390625,192.27548217773438,497.6300048828125,231.50914001464844,62.20000076293945,149.8766326904297,121.5999984741211,28.506500244140625,54.65250015258789,251.5730438232422,337.8048095703125,215.3476104736328,10.397080421447754
2026-01-30,308.1242980957031,321.17535400390625,236.72999572753906,105.36000061035156,1416.19677734375,18.790969848632812,330.08404541015625,125.27999877929688,117.88855743408203,46.470001220703125,142.26612854003906,233.01649475097656,74.6495361328125,1120.19775390625,78.8610610961914,219.05999755859375,414.6419982910156,190.8971710205078,457.8399963378906,224.21188354492188,59.88999938964844,149.25633239746094,113.83000183105469,27.77939224243164,54.62310791015625,240.7657928466797,328.86102294921875,213.36785888671875,10.003996849060059
2026-02-02,314.0512390136719,327.2337951660156,246.27000427246094,106.93000030517578,1434.498779296875,19.21668815612793,329.8947448730469,119.95999908447266,119.29639434814453,48.810001373291016,140.52359008789062,237.04879760742188,76.77339172363281,1169.09521484375,78.60125732421875,228.55999755859375,437.5488586425781,185.38388061523438,454.1499938964844,229.10977172851562,61.529998779296875,150.2704620361328,113.70999908447266,28.655902862548828,55.671295166015625,249.23580932617188,339.6054992675781,222.73207092285156,9.866416931152344
2026-02-03,308.5306701660156,317.5383605957031,242.11000061035156,104.55000305175781,1389.206298828125,19.19688606262207,319.154296875,111.30999755859375,113.5252685546875,49.25,135.05288696289062,229.66287231445312,75.37716674804688,1160.734619140625,75.48358154296875,226.7100067138672,419.19940185546875,180.12030029296875,445.6600036621094,218.77862548828125,59.43000030517578,144.91421508789062,98.44999694824219,27.749513626098633,54.78964614868164,282.6463928222656,334.02435302734375,222.93006896972656,9.679701805114746
2026-02-04,317.59954833984375,296.54315185546875,200.19000244140625,104.9000015258789,1332.7276611328125,18.800870895385742,306.9194030761719,96.94999694824219,112.23725891113281,48.599998474121094,130.23875427246094,209.38145446777344,76.92089080810547,1132.8331298828125,73.67493438720703,215.02999877929688,379.182373046875,173.97781372070312,415.6400146484375,224.92576599121094,62.060001373291016,146.59788513183594,100.8499984741211,29.21368408203125,57.79705047607422,268.7527770996094,324.0657958984375,220.6632537841797,9.777972221374512
2026-02-05,319.2646179199219,302.91046142578125,192.5,110.87999725341797,1343.7049560546875,20.058223724365234,309.3703918457031,98.05999755859375,110.16045379638672,48.2400016784668,132.61093139648438,212.90475463867188,76.73406982421875,1151.92578125,74.15457916259766,227.8000030517578,382.6703796386719,171.67062377929688,426.7099914550781,220.236083984375,63.099998474121094,134.20172119140625,98.0999984741211,28.865070343017578,59.67789840698242,270.8103332519531,329.0301513671875,221.7125244140625,9.797627449035645
2026-02-06,317.6094665527344,321.36474609375,208.44000244140625,123.69999694824219,1406.25439453125,20.681947708129883,331.6981506347656,111.4000015258789,122.18195343017578,50.59000015258789,143.7615509033203,230.57113647460938,74.738037109375,1225.4962158203125,80.22004699707031,235.8699951171875,394.4635925292969,185.18414306640625,459.95001220703125,222.40740966796875,65.19999694824219,135.22569274902344,107.0999984741211,29.73162078857422,60.83384323120117,299.75616455078125,347.0570373535156,219.19822692871094,9.88607120513916
2026-02-09,320.10711669921875,329.3960876464844,216.0,124.61000061035156,1422.6556396484375,21.929399490356445,342.67767333984375,123.41000366210938,122.20191955566406,50.2400016784668,143.48361206054688,228.84442138671875,73.16481018066406,1201.9393310546875,82.28849792480469,235.6999969482422,383.2799987792969,189.80848693847656,463.69000244140625,226.95828247070312,65.0999984741211,136.7912139892578,110.91999816894531,32.38106918334961,60.29505920410156,309.6445007324219,353.58331298828125,216.55526733398438,9.87624454498291
2026-02-10,322.2777099609375,327.90142822265625,213.57000732421875,125.94999694824219,1408.7171630859375,22.26601219177246,339.1905212402344,134.72000122070312,133.2349395751953,47.130001068115234,142.55503845214844,226.1794891357422,75.57380676269531,1138.0048828125,81.9487533569336,230.5399932861328,373.035888671875,188.31031799316406,460.79998779296875,234.60252380371094,67.37999725341797,137.93336486816406,106.98999786376953,33.30738067626953,61.0395622253418,304.5305480957031,360.0498962402344,218.68348693847656,9.738664627075195
2026-02-11,334.01275634765625,338.6730041503906,213.5800018310547,125.27999877929688,1430.65087890625,23.503562927246094,341.50201416015625,128.39999389648438,137.5782470703125,48.290000915527344,147.40304565429688,234.67332458496094,79.39871215820312,1192.5225830078125,81.27924346923828,236.94000244140625,410.1046142578125,189.81849670410156,475.8299865722656,247.62059020996094,71.18000030517578,138.8687286376953,99.37999725341797,34.81139373779297,62.381629943847656,321.071044921875,372.16729736328125,224.2664031982422,10.12192153930664
2026-02-12,328.4227294921875,327.22381591796875,205.94000244140625,122.19000244140625,1401.9906005859375,23.226350784301758,329.9545593261719,121.77999877929688,130.69883728027344,46.47999954223633,144.54864501953125,230.85060119628906,77.59933471679688,1151.8660888671875,78.17157745361328,238.99000549316406,413.7325439453125,186.7122802734375,443.54998779296875,240.12506103515625,70.62999725341797,136.33831787109375,95.80000305175781,33.47671127319336,59.49177551269531,310.6632995605469,366.20806884765625,220.742431640625,10.11209487915039
2026-02-13,334.11187744140625,353.6496276855469,207.32000732421875,125.27999877929688,1401.7314453125,23.166950225830078,323.9765625,121.44000244140625,131.22801208496094,46.790000915527344,145.87173461914062,235.08253479003906,77.245361328125,1167.351318359375,78.5512924194336,244.16000366210938,411.4238586425781,182.58729553222656,443.760009765625,242.345947265625,72.20999908447266,138.53396606445312,101.94999694824219,33.47671127319336,60.83384323120117,314.42041015625,364.4770202636719,223.8704376220703,10.239847183227539
2026-02-17,334.5182189941406,357.8546447753906,203.0800018310547,126.88999938964844,1414.8558349609375,23.236251831054688,331.31951904296875,124.80000305175781,129.36090087890625,46.18000030517578,146.6658172607422,235.1324462890625,77.61900329589844,1169.055419921875,78.95099639892578,245.58999633789062,399.5506591796875,184.7446746826172,442.30999755859375,243.00033569335938,71.95999908447266,140.43426513671875,101.94999694824219,33.068336486816406,60.89262008666992,305.29736328125,362.3281555175781,223.40521240234375,10.092440605163574
2026-02-18,343.2996826171875,367.988525390625,200.1199951171875,127.23999786376953,1463.6259765625,23.107547760009766,332.28594970703125,127.91000366210938,131.68731689453125,45.459999084472656,147.6743927001953,239.63388061523438,77.7861557006836,1184.14208984375,79.03092956542969,246.75999450683594,420.70855712890625,187.75099182128906,451.8500061035156,235.30648803710938,70.66000366210938,141.03488159179688,104.33999633789062,33.63607406616211,60.73588180541992,314.5802917480469,360.3981018066406,221.0592041015625,10.053131103515625
2026-02-19,342.2391357421875,368.9762268066406,203.3699951171875,126.93000030517578,1453.8701171875,22.949140548706055,332.76416015625,130.66000366210938,132.46612548828125,44.619998931884766,146.63690185546875,236.93902587890625,75.8687973022461,1171.088134765625,79.55054473876953,242.55999755859375,417.110595703125,187.6710968017578,442.6700134277344,230.1309814453125,68.08999633789062,139.09519958496094,104.12999725341797,33.068336486816406,58.01256561279297,315.65948486328125,358.5377197265625,215.84254455566406,9.95486068725586
2026-02-20,351.8829345703125,374.513427734375,200.14999389648438,125.58000183105469,1464.4930419921875,23.721372604370117,331.4291076660156,124.05999755859375,134.28334045410156,44.11000061035156,149.24063110351562,244.45469665527344,76.42926025390625,1199.8665771484375,79.42064666748047,243.58999633789062,427.92437744140625,189.58877563476562,441.239990234375,230.2896270751953,69.11000061035156,140.68043518066406,102.63999938964844,33.48666763305664,58.82564163208008,324.6026611328125,368.63555908203125,217.5055389404297,10.220191955566406
2026-02-23,352.0018615722656,372.6876525878906,196.60000610351562,123.77999877929688,1480.836181640625,23.246152877807617,329.1275939941406,124.05000305175781,136.21035766601562,43.630001068115234,148.40863037109375,241.8097381591797,75.76164245605469,1185.8760986328125,77.73190307617188,245.52999877929688,420.7285461425781,191.316650390625,442.5299987792969,229.18910217285156,69.47000122070312,138.24844360351562,95.2699966430664,33.855201721191406,58.5611457824707,318.25750732421875,368.13812255859375,217.63421630859375,10.239847183227539
2026-02-24,352.93353271484375,377.05755615234375,213.83999633789062,128.13999938964844,1492.605224609375,24.57280731201172,324.2953796386719,120.83000183105469,136.0605926513672,46.119998931884766,150.30307006835938,243.78598022460938,75.0989761352539,1209.403076171875,78.33145904541016,248.2899932861328,417.7702331542969,192.61508178710938,455.0199890136719,232.6295166015625,70.02999877929688,142.55117797851562,98.56999969482422,33.91496276855469,59.38399887084961,328.8394470214844,383.7673645019531,211.19012451171875,10.731202125549316
2026-02-25,357.6017761230469,394.03826904296875,210.86000061035156,131.74000549316406,1521.2156982421875,24.859920501708984,331.0903625488281,123.45999908447266,137.1289520263672,46.880001068115234,154.29644775390625,249.00604248046875,74.64400482177734,1227.61865234375,80.85956573486328,253.3699951171875,428.75390625,195.32176208496094,457.010009765625,233.06576538085938,69.68000030517578,143.57516479492188,101.08999633789062,34.422943115234375,59.304683685302734,342.5589904785156,385.7371826171875,211.73455810546875,10.367599487304688
2026-02-26,351.2089538574219,374.8526611328125,203.67999267578125,129.25999450683594,1458.72314453125,23.988683700561523,320.519287109375,114.4800033569336,131.99684143066406,45.459999084472656,152.0648193359375,238.61582946777344,74.14947509765625,1175.98095703125,79.23078918457031,247.11000061035156,415.3216247558594,184.66476440429688,441.7699890136719,230.24996948242188,68.16000366210938,143.34869384765625,102.16999816894531,34.243656158447266,59.09649658203125,332.44671630859375,374.8733215332031,210.4774169921875,10.12192153930664
2026-02-27,352.6361999511719,371.4405517578125,200.2100067138672,127.44999694824219,1445.5291748046875,24.048086166381836,318.377197265625,112.2699966430664,132.2464599609375,45.61000061035156,152.08876037597656,233.44566345214844,73.82308959960938,1138.722412109375,81.62899017333984,248.1199951171875,412.1334533691406,176.97415161132812,438.8599853515625,225.07447814941406,66.4800033569336,140.16842651367188,99.66000366210938,33.47671127319336,59.06675338745117,319.7863464355469,372.6547546386719,209.96267700195312,10.259500503540039
2026-03-02,349.2861633300781,371.3208312988281,198.6199951171875,124.37000274658203,1418.602783203125,23.958982467651367,317.6498718261719,114.22000122070312,135.29177856445312,45.5,153.1262664794922,230.56114196777344,73.4967041015625,1138.56298828125,80.79961395263672,258.5400085449219,412.43328857421875,182.25770568847656,448.20001220703125,222.84364318847656,66.4800033569336,138.85890197753906,98.87999725341797,33.347225189208984,58.4223518371582,325.5819091796875,367.2128601074219,207.6958770751953,10.328290939331055
2026-03-03,337.037109375,350.50897216796875,190.9499969482422,121.72000122070312,1356.2198486328125,22.087804794311523,312.68817138671875,97.30000305175781,126.59516143798828,43.099998474121094,143.7887420654297,216.85723876953125,70.6086654663086,1070.5927734375,77.45211029052734,241.00999450683594,379.46221923828125,179.83065795898438,425.25,213.4147491455078,63.41999816894531,136.00355529785156,87.58999633789062,31.494600296020508,57.64907455444336,303.9883728027344,351.3150329589844,200.61825561523438,9.728837013244629
2026-03-04,339.5426025390625,356.9341125488281,202.07000732421875,124.11000061035156,1394.5166015625,21.879898071289062,316.3645935058594,102.54000091552734,128.8017578125,45.58000183105469,147.2364501953125,222.83303833007812,69.13497161865234,1095.1561279296875,78.03166961669922,239.0,400.5400695800781,182.8170166015625,441.6199951171875,214.5251922607422,62.529998779296875,137.3623046875,92.04000091552734,33.197818756103516,55.7951774597168,304.9676208496094,355.6028747558594,200.34107971191406,9.709182739257812
2026-03-05,327.8205261230469,345.73004150390625,199.4499969482422,120.62000274658203,1363.6141357421875,21.840295791625977,331.54864501953125,114.73999786376953,124.38855743408203,45.95000076293945,142.59263610839844,214.52886962890625,67.06784057617188,1074.6483154296875,75.62347412109375,228.97999572753906,396.8222351074219,183.11663818359375,437.6000061035156,208.78456115722656,60.849998474121094,135.75698852539062,91.91000366210938,33.17789840698242,55.99345779418945,305.34735107421875,352.041259765625,195.97573852539062,9.581430435180664
2026-03-06,313.99066162109375,323.9903564453125,192.42999267578125,114.37999725341797,1288.3162841796875,20.909658432006836,329.26708984375,109.83000183105469,112.2672119140625,43.41999816894531,134.13201904296875,199.18968200683594,64.06111145019531,1019.562744140625,89.50310516357422,207.50999450683594,370.08758544921875,177.6033935546875,411.3299865722656,200.01992797851562,56.869998931884766,134.45889282226562,88.12000274658203,31.235633850097656,54.33784484863281,272.84210205078125,337.1482238769531,191.2738037109375,9.434024810791016
2026-03-09,317.8681945800781,338.1575622558594,202.67999267578125,117.62999725341797,1352.712158203125,21.444278717041016,344.4810485839844,115.9800033569336,117.15967559814453,45.58000183105469,142.5666961669922,211.00135803222656,64.2885971069336,1058.2662353515625,92.580810546875,218.72999572753906,389.0966796875,182.427490234375,433.05999755859375,203.50001525878906,59.22999954223633,136.85691833496094,88.5199966430664,33.39702224731445,54.803794860839844,296.2143249511719,346.9078063964844,194.2137451171875,9.561776161193848
2026-03-10,316.973388671875,345.0815734863281,203.22999572753906,120.55000305175781,1378.60205078125,21.4937801361084,341.3226623535156,112.33000183105469,116.70037841796875,46.779998779296875,144.94497680664062,215.0784912109375,64.614990234375,1052.10791015625,93.2303237915039,220.58999633789062,402.8787536621094,184.54490661621094,432.1700134277344,201.29893493652344,59.59000015258789,133.97332763671875,89.61000061035156,33.38706588745117,54.456809997558594,300.5409851074219,345.3060607910156,195.46099853515625,9.3160982131958
2026-03-11,317.3810119628906,350.25958251953125,204.8300018310547,120.0999984741211,1381.87060546875,21.681888580322266,340.3163757324219,115.91000366210938,116.00146484375,47.97999954223633,146.14808654785156,218.71592712402344,65.0699462890625,1067.32421875,90.3724594116211,222.5500030517578,418.4498291015625,185.8134307861328,435.7699890136719,198.16586303710938,59.2400016784668,132.9031219482422,92.52999877929688,33.9249267578125,54.873191833496094,301.76007080078125,352.7376708984375,196.6587371826172,9.532295227050781
2026-03-12,305.4998474121094,336.4914245605469,197.74000549316406,115.12000274658203,1346.892333984375,20.78095245361328,334.7369384765625,111.56999969482422,109.81098937988281,45.25,140.61839294433594,209.34254455566406,62.04344177246094,1030.2451171875,87.60452270507812,215.94000244140625,405.1174621582031,182.9268035888672,420.1099853515625,189.58963012695312,57.689998626708984,129.9600830078125,89.77999877929688,33.108177185058594,54.724483489990234,286.3917541503906,334.9794006347656,188.12600708007812,9.188346862792969
2026-03-13,304.3067932128906,340.7416076660156,193.38999938964844,115.75,1341.022705078125,21.285873413085938,320.9776306152344,117.69000244140625,108.11360168457031,45.77000045776367,141.52320861816406,212.05062866210938,61.262088775634766,1048.8892822265625,87.79438781738281,217.8000030517578,425.8855895996094,180.0401611328125,428.6000061035156,189.23269653320312,58.54999923706055,128.64215087890625,94.01000213623047,32.73964309692383,54.26844787597656,286.20196533203125,336.5711669921875,188.84861755371094,9.109729766845703
2026-03-16,309.12884521484375,345.3808288574219,196.5800018310547,121.69999694824219,1370.789306640625,21.305673599243164,323.7275085449219,116.87999725341797,111.46843719482422,45.7599983215332,143.47850036621094,219.24554443359375,63.131404876708984,1073.612060546875,91.51160430908203,224.9199981689453,441.54656982421875,183.0067138671875,437.75,190.25390625,59.880001068115234,128.21604919433594,92.77999877929688,33.32730484008789,54.07017135620117,298.04290771484375,338.4813537597656,192.16470336914062,9.30627155303955
2026-03-17,311.8530578613281,351.6463623046875,196.30999755859375,127.30999755859375,1384.342041015625,21.612586975097656,320.1307373046875,104.05999755859375,115.90161895751953,44.060001373291016,147.77914428710938,226.31057739257812,63.883079528808594,1062.909912109375,90.72219848632812,221.2899932861328,461.4251403808594,181.71820068359375,445.5199890136719,192.3657684326172,60.97999954223633,130.3960723876953,93.5,33.65599822998047,53.247318267822266,299.1720275878906,345.1716613769531,192.48146057128906,9.35540771484375
2026-03-18,306.812255859375,348.66326904296875,199.4600067138672,128.36000061035156,1350.469970703125,21.444278717041016,314.7704772949219,101.72000122070312,115.40238952636719,45.029998779296875,147.87989807128906,224.55181884765625,64.00177001953125,1071.5096435546875,87.55455780029297,218.88999938964844,461.46514892578125,180.1899871826172,457.79998779296875,191.04710388183594,60.459999084472656,129.2862548828125,93.31999969482422,33.09821701049805,53.11844253540039,299.841552734375,338.7766418457031,188.84861755371094,9.13921070098877
2026-03-19,308.651611328125,356.3853759765625,205.27000427246094,129.82000732421875,1361.6510009765625,21.681888580322266,318.6661376953125,107.08999633789062,115.68196105957031,46.18000030517578,150.7888946533203,233.82528686523438,62.597312927246094,1088.8482666015625,89.463134765625,224.5399932861328,444.01513671875,178.3521270751953,472.0799865722656,190.7100067138672,59.290000915527344,130.08888244628906,94.62000274658203,32.29142761230469,53.653785705566406,302.1697692871094,337.99847412109375,186.38381958007812,9.099902153015137
2026-03-20,307.64739990234375,356.2357482910156,201.3300018310547,132.35000610351562,1312.681396484375,21.09776496887207,309.3703918457031,103.4000015258789,114.48380279541016,43.869998931884766,149.50698852539062,228.19924926757812,62.28081512451172,1065.0921630859375,87.84434509277344,218.9600067138672,422.65740966796875,172.4989471435547,465.29998779296875,189.73834228515625,59.2599983215332,128.72140502929688,91.69999694824219,30.73761558532715,53.971031188964844,290.6085510253906,328.47076416015625,185.29495239257812,8.962323188781738
2026-03-23,310.39154052734375,360.9548034667969,202.67999267578125,136.88999938964844,1364.869873046875,21.464080810546875,322.0003967285156,105.0999984741211,114.83326721191406,44.0099983215332,150.77992248535156,233.14576721191406,63.63581848144531,1072.565673828125,90.09266662597656,229.25999450683594,404.1180419921875,175.43553161621094,470.8699951171875,191.7411346435547,59.88999938964844,127.18548583984375,93.3499984741211,31.534442901611328,54.02060317993164,303.6886291503906,337.6592712402344,186.7203826904297,8.932841300964355
2026-03-24,319.9759826660156,373.12664794921875,205.3699951171875,134.9600067138672,1394.5665283203125,21.315574645996094,317.78704833984375,100.30000305175781,121.48302459716797,44.060001373291016,156.24276733398438,238.671875,64.91169738769531,1097.717041015625,92.29102325439453,237.22999572753906,395.3031311035156,174.99603271484375,485.42999267578125,194.72544860839844,62.34000015258789,127.50257873535156,92.69000244140625,31.914016723632812,54.88310623168945,319.89630126953125,342.4480285644531,192.65963745117188,8.893533706665039
2026-03-25,320.1748352050781,368.48736572265625,220.27000427246094,157.07000732421875,1389.0555419921875,22.176908493041992,318.30621337890625,103.91000366210938,122.99070739746094,47.18000030517578,154.01113891601562,233.28565979003906,64.44684600830078,1114.72705078125,98.37646484375,245.0399932861328,381.8708190917969,178.47198486328125,481.2799987792969,196.94195556640625,63.099998474121094,129.16732788085938,95.93000030517578,33.38235855102539,55.705955505371094,323.1138000488281,346.9375305175781,194.77796936035156,9.149038314819336
2026-03-26,311.61444091796875,337.7684631347656,203.77000427246094,154.8000030517578,1324.888916015625,21.216569900512695,308.9310607910156,96.44000244140625,115.5721206665039,44.099998474121094,144.764404296875,211.4710235595703,63.49734878540039,1054.5594482421875,97.60704803466797,228.5,355.256103515625,171.04066467285156,453.6099853515625,196.2542724609375,60.869998931884766,129.35560607910156,91.44000244140625,32.87293243408203,56.171905517578125,297.1136169433594,325.3480529785156,191.45199584960938,8.864051818847656
2026-03-27,305.6689147949219,336.39166259765625,201.99000549316406,144.1300048828125,1297.9527587890625,21.285873413085938,300.2048645019531,95.23999786376953,113.41543579101562,43.130001068115234,143.9743194580078,211.2611846923828,61.321434020996094,1049.307861328125,94.80913543701172,225.44000244140625,357.0151062011719,167.32498168945312,440.7200012207031,191.01206970214844,58.349998474121094,125.95672607421875,89.7300033569336,32.503353118896484,53.18783950805664,295.3849182128906,325.9765930175781,188.40316772460938,8.716645240783691
2026-03-30,301.3538818359375,322.37408447265625,196.0399932861328,136.9600067138672,1249.6109619140625,20.681947708129883,292.94635009765625,87.80999755859375,108.4730453491211,41.189998626708984,137.92587280273438,199.7892608642578,59.40266418457031,998.8160400390625,87.74441528320312,209.49000549316406,321.75048828125,164.97772216796875,413.2300109863281,186.75650024414062,55.65999984741211,125.9170913696289,79.7300033569336,31.284725189208984,52.04774475097656,276.13958740234375,315.7605285644531,184.53274536132812,8.461139678955078
2026-03-31,316.3072814941406,341.0010070800781,203.42999267578125,151.27999877929688,1316.2490234375,21.464080810546875,309.02093505859375,93.87000274658203,117.0598373413086,44.130001068115234,146.88729858398438,213.5095977783203,63.902862548828125,1091.6842041015625,98.97602844238281,222.07000732421875,337.7880554199219,174.1969757080078,434.2799987792969,196.19448852539062,61.91999816894531,127.611572265625,86.02999877929688,34.511085510253906,53.08869552612305,296.2342529296875,337.1604309082031,192.1746063232422,8.824743270874023
2026-04-01,318.7331848144531,352.9832458496094,210.2100067138672,155.07000732421875,1355.0440673828125,22.256113052368164,312.99462890625,95.91999816894531,118.52757263183594,48.029998779296875,151.61888122558594,221.8537139892578,64.66443634033203,1117.804443359375,106.63030242919922,229.36000061035156,367.7934265136719,175.54541015625,445.75,194.91880798339844,62.20000076293945,126.12519073486328,89.94999694824219,34.48112106323242,52.76154327392578,311.9623107910156,340.692138671875,194.312744140625,8.814916610717773
2026-04-02,316.506103515625,347.6655578613281,217.5,149.11000061035156,1312.6614990234375,22.05810546875,314.0529479980469,101.44999694824219,116.22113037109375,50.380001068115234,151.31961059570312,218.28623962402344,64.88202667236328,1116.7860107421875,107.0300064086914,238.3000030517578,366.18365478515625,177.18348693847656,442.239990234375,193.89230346679688,62.189998626708984,125.64954376220703,93.02999877929688,34.28134536743164,54.714569091796875,309.374267578125,338.2478942871094,192.897216796875,8.520103454589844
2026-04-06,325.47412109375,351.80596923828125,220.17999267578125,148.77000427246094,1299.4873046875,22.325414657592773,313.9331359863281,102.45999908447266,115.50223541259766,50.779998779296875,153.6360321044922,220.4946746826172,66.48429870605469,1178.2322998046875,109.42821502685547,233.0399932861328,377.701904296875,177.43319702148438,445.54998779296875,196.4137420654297,63.4900016784668,124.5892562866211,92.22000122070312,35.400081634521484,55.487850189208984,315.1898498535156,340.9615173339844,197.40113830566406,8.539756774902344
2026-04-07,325.52386474609375,353.4920959472656,221.52999877929688,143.86000061035156,1301.9189453125,21.96900177001953,333.4422607421875,106.79000091552734,118.3678207397461,52.90999984741211,154.51292419433594,224.19207763671875,66.77112579345703,1189.4051513671875,109.29830932617188,236.99000549316406,377.52191162109375,177.89266967773438,444.3599853515625,194.46035766601562,63.790000915527344,122.94430541992188,91.87000274658203,35.63981246948242,54.585689544677734,320.2359924316406,344.5132141113281,197.71791076660156,9.149038314819336
2026-04-08,344.2155456542969,384.82958984375,231.82000732421875,148.91000366210938,1416.12158203125,23.899580001831055,350.0759582519531,110.20999908447266,129.40084838867188,58.95000076293945,166.83224487304688,246.31649780273438,69.95588684082031,1310.939697265625,114.36451721191406,247.0,406.6674499511719,181.8680419921875,475.5199890136719,203.57943725585938,68.37999725341797,126.35310363769531,101.43000030517578,37.93722152709961,56.052940368652344,358.0172424316406,365.04510498046875,206.78517150878906,9.30627155303955
2026-04-09,349.3358459472656,396.89166259765625,236.63999938964844,149.7949981689453,1443.61572265625,24.26589584350586,354.34918212890625,107.93000030517578,132.4261932373047,61.720001220703125,172.3110809326172,258.5778503417969,70.44052124023438,1332.17724609375,119.8404312133789,247.7100067138672,421.4451904296875,183.69590759277344,494.0799865722656,204.97470092773438,68.48999786376953,126.5909194946289,105.58000183105469,39.095916748046875,56.07276916503906,363.93267822265625,364.6360778808594,212.80361938476562,9.365234375
2026-04-10,348.1228942871094,398.5677795410156,245.0399932861328,148.92999267578125,1473.1529541015625,24.592609405517578,370.9628601074219,119.58999633789062,135.112060546875,62.380001068115234,173.3106689453125,263.4743957519531,70.77679443359375,1351.787353515625,128.45831298828125,258.1099853515625,420.52532958984375,188.41041564941406,496.05999755859375,203.67909240722656,68.6500015258789,126.89810180664062,110.44000244140625,39.4355354309082,55.87449264526367,367.7098388671875,369.734130859375,212.55615234375,9.571603775024414
2026-04-13,347.99365234375,394.8164978027344,246.8300018310547,157.5800018310547,1494.996826171875,26.28557777404785,379.1499328613281,134.36000061035156,137.85781860351562,65.18000030517578,176.45310974121094,267.1318359375,72.7450180053711,1370.139404296875,131.2676239013672,263.6300048828125,426.4944152832031,189.08961486816406,507.0299987792969,207.2968292236328,71.0199966430664,130.0492706298828,113.16000366210938,40.27458953857422,56.01328659057617,369.84820556640625,368.70654296875,214.51611328125,9.532295227050781
2026-04-14,346.591796875,394.7266845703125,255.07000732421875,161.22000122070312,1513.0341796875,26.602392196655273,380.17828369140625,159.52000427246094,137.22879028320312,63.810001373291016,179.15957641601562,272.2182312011719,73.68462371826172,1361.3428955078125,133.7969970703125,263.9200134277344,465.5884094238281,196.28123474121094,515.030029296875,209.18043518066406,72.05000305175781,131.63473510742188,121.7300033569336,40.85393524169922,56.786563873291016,365.2317199707031,379.00244140625,216.65423583984375,9.42419719696045
2026-04-15,345.9355773925781,393.349853515625,258.1199951171875,159.33999633789062,1476.6307373046875,26.958805084228516,396.0931091308594,168.35000610351562,136.7894744873047,64.94000244140625,174.3910675048828,264.9733581542969,73.67473602294922,1350.938720703125,134.56680297851562,261.1600036621094,456.15985107421875,198.63848876953125,517.4299926757812,208.68212890625,72.43000030517578,131.8428497314453,120.0199966430664,40.63418197631836,57.430965423583984,364.68212890625,374.2236328125,214.10035705566406,9.777972221374512
2026-04-16,351.7618103027344,388.99993896484375,278.260009765625,162.3300018310547,1405.936767578125,27.32512092590332,397.8403625488281,158.92999267578125,135.71112060546875,68.5,173.06825256347656,260.77630615234375,76.0286865234375,1400.6728515625,133.33709716796875,261.4200134277344,457.1596984863281,198.1190948486328,514.219970703125,213.0074462890625,79.93000030517578,133.2499542236328,120.02999877929688,41.52317810058594,58.1943359375,365.64141845703125,362.5010681152344,220.8414306640625,10.436388969421387
2026-04-17,369.3101501464844,396.023681640625,278.3900146484375,166.72999572753906,1454.737060546875,28.305261611938477,405.8976135253906,160.69000244140625,145.83554077148438,68.5,178.71363830566406,267.41162109375,77.89799499511719,1466.1129150390625,139.65554809570312,276.9700012207031,455.0000305175781,201.44520568847656,528.760009765625,215.2996826171875,83.01000213623047,134.96424865722656,126.93000030517578,44.170196533203125,58.48183822631836,380.09039306640625,369.6343688964844,227.493408203125,11.45840835571289
2026-04-20,378.8548278808594,390.7159729003906,274.95001220703125,175.10000610351562,1471.379150390625,28.98838996887207,398.9985046386719,174.52999877929688,148.69114685058594,65.69999694824219,180.09832763671875,262.9747619628906,79.51016235351562,1488.588623046875,147.80352783203125,281.0799865722656,448.3510437011719,201.82476806640625,532.1699829101562,220.5917205810547,85.55999755859375,136.2722930908203,126.87000274658203,44.4099235534668,58.947784423828125,374.92431640625,365.3843078613281,231.3341064453125,12.421464920043945
2026-04-21,373.1081237792969,393.419677734375,284.489990234375,175.49000549316406,1453.909912109375,29.30520248413086,401.5345153808594,183.32000732421875,146.76412963867188,66.26000213623047,178.1081085205078,258.1881103515625,80.04424285888672,1525.6220703125,151.27267456054688,285.7099914550781,449.3109130859375,199.64732360839844,527.75,223.7410430908203,86.91000366210938,134.33006286621094,130.4499969482422,44.25010299682617,59.423648834228516,379.6407470703125,367.2200012207031,230.7896728515625,12.11682415008545
2026-04-22,379.22271728515625,402.548583984375,303.4599914550781,196.57000732421875,1438.653076171875,29.651716232299805,421.98211669921875,189.49000549316406,147.70266723632812,65.2699966430664,180.77069091796875,265.3630676269531,81.57728576660156,1519.72119140625,157.2812042236328,277.0,487.4050598144531,202.26426696777344,521.1199951171875,224.98681640625,88.98999786376953,134.83543395996094,131.5500030517578,44.80947494506836,61.23788833618164,384.88671875,386.5347900390625,233.9176788330078,12.490254402160645
2026-04-23,401.5533447265625,402.97760009765625,305.3299865722656,204.61000061035156,1412.8828125,29.51310920715332,419.27642822265625,185.5399932861328,149.10052490234375,66.77999877929688,181.1068878173828,258.37799072265625,89.64797973632812,1589.744384765625,165.5191650390625,284.3999938964844,481.64593505859375,199.4075927734375,522.9099731445312,240.3447265625,97.77999877929688,132.7346649169922,138.5,49.65401077270508,61.01978302001953,400.6846923828125,381.7659606933594,279.372802734375,11.792530059814453
2026-04-24,397.2681579589844,416.0772705078125,347.80999755859375,234.80999755859375,1452.644287109375,31.681299209594727,422.09197998046875,195.0399932861328,155.74029541015625,82.54000091552734,193.03517150878906,267.59149169921875,88.46111297607422,1629.5736083984375,164.26947021484375,287.6400146484375,496.64361572265625,208.0275421142578,542.9500122070312,243.21498107910156,98.4000015258789,147.49948120117188,158.39999389648438,50.41315841674805,63.10169219970703,417.7616882324219,401.5196838378906,274.3343811035156,12.067688941955566
2026-04-27,390.3283386230469,403.9253845214844,334.6300048828125,215.8800048828125,1430.5897216796875,30.542753219604492,417.5391845703125,180.5,156.19960021972656,84.98999786376953,189.5435791015625,259.287353515625,85.88956451416016,1585.1512451171875,158.17098999023438,279.44000244140625,524.4793090820312,216.3578338623047,530.2999877929688,236.0692138671875,98.04000091552734,148.8966827392578,141.30999755859375,50.503055572509766,61.584869384765625,401.6939392089844,404.0338134765625,266.77166748046875,11.487889289855957
2026-04-28,381.0521240234375,380.2301940917969,323.2099914550781,198.64999389648438,1382.771728515625,29.780420303344727,399.19818115234375,165.9199981689453,144.4976043701172,84.5199966430664,180.4624481201172,251.0531463623047,83.33780670166016,1501.7884521484375,153.19219970703125,265.6099853515625,504.21246337890625,212.92184448242188,498.95001220703125,229.6111297607422,93.30000305175781,148.63905334472656,111.2699966430664,49.753902435302734,60.45469284057617,379.840576171875,391.42333984375,262.3172607421875,11.45840835571289
2026-04-29,387.0672607421875,381.706787109375,337.1099853515625,201.69000244140625,1392.279296875,30.285341262817383,404.809326171875,175.77000427246094,149.2435760498047,94.75,181.18470764160156,248.57489013671875,89.18311309814453,1524.5137939453125,156.53138732910156,269.6300048828125,518.3803100585938,209.00640869140625,501.4700012207031,288.27215576171875,98.86000061035156,154.58460998535156,112.16000366210938,52.61067581176758,62.12022018432617,306.09674072265625,392.90985107421875,266.4945373535156,12.529562950134277
2026-04-30,399.9426574707031,393.5793151855469,354.489990234375,210.32000732421875,1437.13134765625,31.09717559814453,416.7703857421875,174.00999450683594,141.26034545898438,94.4800033569336,174.61453247070312,257.678466796875,91.89313507080078,1611.950439453125,165.10926818847656,281.6099853515625,517.0804443359375,199.33767700195312,500.42999267578125,292.59747314453125,100.80999755859375,177.95066833496094,115.11000061035156,55.07789611816406,69.56552124023438,343.20849609375,395.1346435546875,278.23443603515625,12.834203720092773
2026-05-01,395.39898681640625,388.1817932128906,360.5400085449219,211.17999267578125,1425.1768798828125,31.27538299560547,420.6142883300781,184.3800048828125,142.16957092285156,99.62000274658203,172.21131896972656,256.5392761230469,92.92174530029297,1581.0675048828125,164.90931701660156,284.17999267578125,542.1266479492188,198.21897888183594,494.489990234375,294.24188232421875,103.02999877929688,175.40399169921875,111.93000030517578,55.68721008300781,68.80216217041016,345.15704345703125,396.74090576171875,278.175048828125,12.824377059936523
2026-05-04,394.7328186035156,390.47650146484375,341.5400085449219,203.25999450683594,1384.41943359375,31.95850944519043,415.84185791015625,180.05999755859375,138.8424072265625,95.77999877929688,170.92042541503906,258.38800048828125,94.2569808959961,1570.903076171875,163.61964416503906,291.7200012207031,576.3613891601562,198.24893188476562,492.2900085449219,289.77703857421875,102.04000091552734,166.852294921875,111.5,55.067909240722656,68.25689697265625,337.1830749511719,400.6716613769531,278.04638671875,12.755586624145508
2026-05-05,402.43817138671875,409.87164306640625,355.260009765625,208.83999633789062,1441.0562744140625,33.106956481933594,426.6846923828125,193.57000732421875,149.1636505126953,108.1500015258789,172.87371826171875,275.6058349609375,97.40216827392578,1585.7005615234375,168.7083740234375,303.57000732421875,640.1015625,196.271240234375,515.6699829101562,291.3616638183594,102.66999816894531,184.857421875,118.0,57.1156005859375,71.9349365234375,356.828125,393.488525390625,279.568603515625,13.767779350280762
2026-05-06,413.2356262207031,427.6305236816406,421.3900146484375,237.3000030517578,1542.7447509765625,33.819786071777344,424.7677307128906,198.2899932861328,155.72808837890625,113.01000213623047,181.19268798828125,296.9608154296875,101.7935791015625,1649.8326416015625,172.10752868652344,309.80999755859375,666.487548828125,207.5880584716797,534.5399780273438,302.5238037109375,105.7699966430664,190.82281494140625,130.0399932861328,57.88473129272461,64.41032409667969,382.18878173828125,418.5198974609375,287.9656066894531,14.96668529510498
2026-05-07,406.1665954589844,409.69207763671875,408.4599914550781,213.30999755859375,1514.64111328125,33.00795364379883,411.9080810546875,188.2899932861328,147.5350341796875,109.62000274658203,175.90142822265625,286.31829833984375,100.4682388305664,1573.5589599609375,159.9705352783203,344.4700012207031,646.5305786132812,211.2537841796875,504.5400085449219,289.2388610839844,100.61000061035156,200.71226501464844,126.5999984741211,55.83704376220703,64.47972106933594,353.8403625488281,413.182373046875,283.7869873046875,14.897895812988281
2026-05-08,414.1204833984375,434.434814453125,455.19000244140625,213.27000427246094,1589.9637451171875,33.88908767700195,429.3205261230469,188.5050048828125,148.9838104248047,124.91999816894531,186.46998596191406,293.8429870605469,98.0054931640625,1598.401123046875,170.08804321289062,359.8800048828125,746.6951293945312,214.94947814941406,521.1599731445312,293.7535400390625,103.19999694824219,217.10218811035156,129.25,59.103355407714844,66.20472717285156,359.4960632324219,410.7181396484375,286.33392333984375,15.153401374816895
2026-05-11,420.2947082519531,442.5959167480469,458.7900085449219,212.64999389648438,1563.78759765625,34.94843292236328,427.75299072265625,210.22000122070312,149.0237579345703,129.44000244140625,184.0757293701172,295.8415832519531,97.94615173339844,1658.5693359375,170.79786682128906,365.8800048828125,795.2077026367188,219.18453979492188,526.010009765625,304.9555358886719,107.23999786376953,235.3748779296875,134.50999450683594,60.05228805541992,69.52587127685547,366.3608703613281,403.5948486328125,296.24322509765625,15.320462226867676
2026-05-12,417.2324523925781,430.20458984375,448.2900085449219,207.9199981689453,1518.9754638671875,33.93859100341797,418.6374206542969,198.57000732421875,145.18701171875,120.61000061035156,180.69985961914062,289.036376953125,96.63070678710938,1597.0831298828125,164.4594268798828,362.760009765625,766.462158203125,220.52297973632812,493.19000244140625,293.2353210449219,104.11000061035156,208.40185546875,130.27999877929688,57.86475372314453,65.73877716064453,358.1771240234375,396.351806640625,293.6664123535156,15.78233528137207
2026-05-13,429.8990783691406,435.6020812988281,445.5,221.2100067138672,1579.537109375,35.11674118041992,416.13140869140625,189.36000061035156,144.917236328125,120.29000091552734,184.5266571044922,295.2320251464844,95.65154266357422,1647.835693359375,177.90611267089844,381.54998779296875,803.5064086914062,225.56710815429688,503.6499938964844,297.40118408203125,115.70999908447266,211.23590087890625,134.85000610351562,63.318603515625,67.55300903320312,363.1033630371094,398.86590576171875,304.7795104980469,15.644756317138672
2026-05-14,424.3313293457031,439.5429992675781,449.70001220703125,228.5,1582.46337890625,34.898929595947266,439.0950622558594,184.5399932861328,139.1421356201172,115.93000030517578,188.8392791748047,298.9394226074219,95.9779281616211,1611.5111083984375,182.53497314453125,383.55999755859375,775.8906860351562,235.465576171875,556.1099853515625,293.175537109375,118.37000274658203,198.26467895507812,130.4600067138672,64.30748748779297,66.48231506347656,356.2785339355469,416.7440490722656,306.6001892089844,16.83383560180664
2026-05-15,415.08489990234375,435.612060546875,424.1000061035156,209.16000366210938,1499.8702392578125,33.47327423095703,424.51812744140625,172.1699981689453,132.95738220214844,108.7699966430664,179.99856567382812,284.51959228515625,92.82284545898438,1547.6585693359375,176.84637451171875,375.6000061035156,724.5485229492188,225.05770874023438,509.1499938964844,290.5145263671875,113.11000061035156,199.66188049316406,127.05000305175781,61.34083557128906,67.93965148925781,337.62274169921875,403.4053039550781,301.1878967285156,16.90262794494629
2026-05-18,416.1686096191406,412.61529541015625,420.989990234375,215.1199951171875,1470.48828125,31.33478546142578,420.0451965332031,156.27000427246094,127.10234069824219,108.16999816894531,175.4467010498047,277.7643127441406,91.7447738647461,1484.0655517578125,168.88832092285156,356.25,681.4351806640625,222.0612030029297,486.75,290.69390869140625,109.43000030517578,201.79237365722656,123.76000213623047,60.89134216308594,69.74397277832031,320.8055419921875,395.0249328613281,299.0687561035156,16.824010848999023
2026-05-19,411.9232177734375,405.9706726074219,414.04998779296875,223.14999389648438,1457.554931640625,30.582353591918945,410.4204406738281,168.99000549316406,124.1148681640625,110.80000305175781,173.8614959716797,273.18756103515625,90.80516815185547,1465.873291015625,176.22653198242188,358.9800109863281,698.632568359375,220.35317993164062,472.489990234375,293.2851257324219,106.0199966430664,193.83522033691406,122.02999877929688,61.16103744506836,69.74397277832031,321.2751770019531,391.69268798828125,300.77001953125,17.27605628967285
2026-05-20,395.75689697265625,425.8646240234375,447.5799865722656,256.7300109863281,1548.1278076171875,31.374387741088867,417.0998840332031,182.97999572753906,127.5919189453125,118.95999908447266,182.74046325683594,291.8843994140625,92.99097442626953,1550.903564453125,186.75393676757812,375.7099914550781,731.87744140625,223.20985412597656,494.0299987792969,309.1014709472656,110.20999908447266,200.67262268066406,133.55999755859375,64.85687255859375,73.70951843261719,344.07781982421875,400.6816711425781,303.3269348144531,17.25640106201172
2026-05-21,381.9966125488281,426.90350341796875,449.5899963378906,298.2300109863281,1589.9437255859375,32.31492614746094,413.9149169921875,193.38999938964844,131.27879333496094,118.5,184.01002502441406,302.0272216796875,90.11283111572266,1558.8714599609375,190.64297485351562,380.45001220703125,761.9827880859375,219.25445556640625,496.5,298.3678894042969,109.61000061035156,211.47373962402344,141.82000732421875,65.58605194091797,72.906494140625,353.3042907714844,406.19873046875,296.8700256347656,18.032743453979492
2026-05-22,394.78253173828125,431.6983947753906,467.510009765625,306.510009765625,1630.7908935546875,34.463314056396484,413.485595703125,218.41000366210938,135.16551208496094,119.83999633789062,188.6248016357422,305.13507080078125,92.8712387084961,1587.387939453125,196.28158569335938,385.9800109863281,750.884521484375,215.07933044433594,503.489990234375,315.4001159667969,116.19999694824219,235.99917602539062,142.97999572753906,66.78469848632812,81.70999908447266,358.3023681640625,403.57489013671875,307.6348876953125,17.904991149902344
2026-05-26,417.5207824707031,454.40411376953125,503.8900146484375,321.2200012207031,1629.9219970703125,38.56208038330078,421.3431701660156,221.63999938964844,141.9997100830078,123.5199966430664,200.91192626953125,322.4528503417969,97.46360778808594,1660.4464111328125,208.20863342285156,409.67999267578125,895.7422485351562,214.60987854003906,527.25,331.5453796386719,127.0,246.5624542236328,157.22999572753906,70.61038208007812,83.41999816894531,388.9906005859375,411.3566589355469,323.2350158691406,20.715543746948242
2026-05-27,414.47845458984375,447.77117919921875,495.5400085449219,302.7099914550781,1595.80615234375,38.680885314941406,421.193359375,221.22999572753906,139.8815155029297,121.7699966430664,195.49803161621094,318.7054748535156,96.27078247070312,1617.7017822265625,198.65098571777344,400.6600036621094,928.2672119140625,212.35250854492188,512.1500244140625,328.126953125,124.88999938964844,231.2823486328125,148.66000366210938,67.67369079589844,78.68000030517578,375.6856689453125,421.7423400878906,315.8329162597656,21.835834503173828
2026-05-28,416.5961608886719,449.19964599609375,518.0900268554688,335.2699890136719,1603.6959228515625,40.195648193359375,425.9059143066406,222.35000610351562,138.3228302001953,120.88999938964844,192.54537963867188,317.7761535644531,95.46562957763672,1630.681884765625,204.77947998046875,391.0899963378906,923.3779907226562,214.00057983398438,505.9700012207031,329.1634216308594,123.7699966430664,241.08262634277344,148.02000427246094,69.37177276611328,81.41000366210938,382.5030517578125,423.8673400878906,314.340576171875,22.28788185119629
2026-05-29,411.46588134765625,449.5792541503906,516.0999755859375,353.2900085449219,1610.6768798828125,37.968055725097656,446.06402587890625,236.02999877929688,138.6725311279297,114.68000030517578,191.9540557861328,317.9560241699219,94.08393859863281,1563.8238525390625,204.94943237304688,364.6400146484375,970.8507080078125,210.8942108154297,502.3299865722656,320.2636413574219,120.62000274658203,248.7425079345703,145.4600067138672,69.23193359375,77.8499984741211,374.166259765625,417.47235107421875,304.12286376953125,21.796525955200195
2026-06-01,400.37017822265625,457.68060302734375,510.1300048828125,408.8500061035156,1626.4664306640625,37.78984832763672,459.2431640625,226.10000610351562,135.61512756347656,109.33000183105469,193.78497314453125,316.8967590332031,90.97265625,1540.0401611328125,219.37586975097656,353.7900085449219,1035.3408203125,224.09881591796875,481.82000732421875,310.32733154296875,120.91999816894531,226.91238403320312,147.47999572753906,68.9422607421875,75.48999786376953,369.328125,434.6122131347656,291.7064514160156,22.494251251220703
2026-06-02,421.91455078125,489.5265197753906,521.5399780273438,402.7099914550781,1703.167236328125,38.86899185180664,480.8090515136719,229.0,142.79904174804688,107.93000030517578,204.2891082763672,334.1745910644531,96.380126953125,1622.5142822265625,290.7182922363281,382.3500061035156,1063.936279296875,222.56060791015625,523.1300048828125,322.52593994140625,128.63999938964844,238.65484619140625,166.77999877929688,79.42044830322266,79.12000274658203,392.46923828125,445.6463623046875,306.5504455566406,22.071683883666992
2026-06-03,436.340576171875,500.2350769042969,542.52001953125,411.8299865722656,1724.130126953125,39.51251983642578,478.4727478027344,214.60000610351562,140.21124267578125,112.70999908447266,212.27108764648438,343.4680480957031,95.97257995605469,1687.3154296875,301.5755920410156,390.3399963378906,1079.4039306640625,214.5,530.0399780273438,320.7918395996094,133.92999267578125,247.7416534423828,170.66000366210938,79.62022399902344,80.66000366210938,409.5127258300781,435.66973876953125,307.0180358886719,21.049665451049805
2026-06-04,427.4576416015625,501.16412353515625,523.2000122070312,393.44000244140625,1755.199951171875,38.01755905151367,418.248046875,217.5,139.76162719726562,111.77999877929688,212.86940002441406,336.1731872558594,95.72407531738281,1650.082275390625,316.3519592285156,382.739990234375,995.8468627929688,218.66000366210938,520.4000244140625,321.13067626953125,131.82000732421875,241.2569580078125,169.35000610351562,78.27174377441406,79.93000030517578,406.7037658691406,443.8805236816406,303.814453125,20.430559158325195
2026-06-05,400.1707763671875,452.526123046875,466.3800048828125,342.92999267578125,1639.6195068359375,33.69108200073242,385.1204833984375,206.88999938964844,125.30386352539062,99.16999816894531,192.7021942138672,303.0664978027344,87.81167602539062,1478.793701171875,263.405029296875,345.3999938964844,863.8771362304688,205.10000610351562,475.760009765625,294.9594421386719,117.26000213623047,214.77110290527344,145.30999755859375,70.64035034179688,73.56999969482422,357.7925720214844,414.20001220703125,283.60791015625,19.359403610229492
2026-06-08,402.6632080078125,491.644287109375,490.3299865722656,346.3900146484375,1746.7808837890625,35.16624069213867,395.9732971191406,222.27000427246094,132.59768676757812,110.2699966430664,210.56800842285156,324.22161865234375,90.82356262207031,1556.8046875,288.7787780761719,361.8599853515625,949.134033203125,208.63999938964844,507.9599914550781,300.1219787597656,120.9000015258789,216.59120178222656,152.02999877929688,74.92552185058594,75.37000274658203,374.546142578125,425.8028259277344,289.41815185546875,19.654216766357422
2026-06-09,403.3909606933594,498.6767578125,475.510009765625,324.8599853515625,1775.4737548828125,34.73062515258789,391.5403137207031,234.32000732421875,134.23629760742188,107.91999816894531,213.69546508789062,326.9297180175781,90.92295837402344,1529.64599609375,266.8141784667969,358.7200012207031,935.74609375,208.19000244140625,514.489990234375,296.4045715332031,117.0,204.30804443359375,146.83999633789062,73.23741912841797,73.55999755859375,369.0682373046875,426.92022705078125,287.15972900390625,19.536291122436523
2026-06-10,391.4772644042969,496.4791259765625,452.3999938964844,307.42999267578125,1731.949951171875,33.95839309692383,371.51202392578125,237.67999267578125,128.77093505859375,107.04000091552734,213.32289123535156,321.5734558105469,87.3842544555664,1470.7958984375,252.52769470214844,354.3999938964844,891.7428588867188,200.4199981689453,508.3500061035156,284.5946044921875,110.16999816894531,190.16502380371094,138.1199951171875,70.66032409667969,70.29000091552734,347.45654296875,407.7950134277344,280.5734558105469,18.57323455810547
2026-06-11,410.8781433105469,552.0496826171875,488.45001220703125,342.2300109863281,1897.0264892578125,36.433494567871094,384.9607238769531,264.760009765625,144.79734802246094,116.95999908447266,240.89173889160156,362.2648010253906,92.38417053222656,1587.12841796875,280.6407470703125,374.760009765625,995.7168579101562,204.8699951171875,559.6199951171875,301.52716064453125,115.95999908447266,201.8613739013672,144.47000122070312,78.03202056884766,72.7300033569336,381.2535400390625,421.07000732421875,295.5865783691406,20.322460174560547
2026-06-12,416.5209655761719,566.6441040039062,511.57000732421875,380.80999755859375,1861.14306640625,37.7403450012207,381.4662780761719,250.80999755859375,150.39260864257812,124.56999969482422,254.25262451171875,366.5517883300781,94.67041015625,1574.9168701171875,279.6310119628906,379.8699951171875,981.4590454101562,205.19000244140625,583.0499877929688,303.829345703125,116.79000091552734,210.57394409179688,146.55999755859375,77.21294403076172,73.97000122070312,403.0451965332031,423.92999267578125,299.5860900878906,21.25603485107422
2026-06-15,426.2812194824219,585.154296875,547.260009765625,412.54998779296875,1890.2154541015625,38.11656188964844,393.3175048828125,259.4100036621094,162.75213623046875,127.86000061035156,256.1305236816406,388.646240234375,99.72003173828125,1649.7728271484375,308.8038330078125,384.7699890136719,1087.8226318359375,212.4499969482422,605.6500244140625,314.8121337890625,125.9000015258789,219.61474609375,143.2899932861328,78.86107635498047,76.26000213623047,432.24395751953125,441.3999938964844,311.74383544921875,22.680965423583984
2026-06-16,414.73638916015625,567.6229858398438,507.2900085449219,396.3399963378906,1801.56005859375,36.47309494018555,376.1147155761719,239.17999267578125,151.481689453125,117.05000305175781,237.0620574951172,369.08001708984375,95.05807495117188,1496.4866943359375,278.6012878417969,368.32000732421875,1020.60302734375,207.41000366210938,550.6900024414062,301.8660583496094,118.25,212.91123962402344,132.47999572753906,74.4660415649414,71.41999816894531,409.1928405761719,425.8299865722656,304.1527099609375,21.2462100982666
2026-06-17,413.19110107421875,592.28662109375,512.47998046875,418.8800048828125,1865.4173583984375,37.06711959838867,392.2791442871094,249.3300018310547,157.2068328857422,121.0999984741211,238.46047973632812,374.17999267578125,93.54717254638672,1446.003662109375,289.4685974121094,367.1099853515625,1043.029541015625,204.64999389648438,554.4199829101562,297.19189453125,112.91999816894531,211.8171844482422,130.10000610351562,73.27737426757812,69.37999725341797,408.4031066894531,432.1499938964844,300.34222412109375,21.383787155151367
2026-06-18,433.14031982421875,616.4508056640625,537.3699951171875,439.4599914550781,1927.1876220703125,40.15604782104492,410.70001220703125,271.8299865722656,178.61871337890625,133.99000549316406,259.2669677734375,389.0400085449219,99.1733169555664,1561.317626953125,310.5033874511719,391.4100036621094,1133.8155517578125,210.69000244140625,575.3099975585938,312.2109375,121.62000274658203,224.88604736328125,141.1699981689453,78.30171203613281,72.44999694824219,437.7518615722656,462.1199951171875,321.21533203125,23.663677215576172
2026-06-22,444.1268615722656,639.4961547851562,551.6300048828125,407.7200012207031,1926.7581787109375,43.185569763183594,392.1300048828125,302.5199890136719,183.84426879882812,140.94000244140625,268.85614013671875,409.5400085449219,102.09573364257812,1535.537109375,307.7840576171875,396.260009765625,1211.1937255859375,208.64999389648438,583.0999755859375,322.147216796875,131.5500030517578,220.69883728027344,140.35000610351562,79.81999969482422,76.18000030517578,456.82452392578125,467.6700134277344,330.5873718261719,27.024547576904297
2026-06-23,406.02294921875,585.2542114257812,519.8499755859375,366.3900146484375,1776.162841796875,39.37391662597656,380.1499938964844,272.0050048828125,168.07763671875,132.27999877929688,244.2139892578125,371.3299865722656,92.70225524902344,1421.5909423828125,278.97119140625,372.1499938964844,1051.6082763671875,200.0399932861328,527.8800048828125,298.9259948730469,117.05999755859375,203.02503967285156,128.2100067138672,72.43000030517578,73.44000244140625,419.95867919921875,436.3900146484375,302.8095703125,25.747024536132812
2026-06-24,411.905029296875,588.3408203125,519.739990234375,359.0799865722656,1760.4931640625,40.928279876708984,382.07000732421875,268.989990234375,171.3148956298828,131.64999389648438,240.20849609375,374.79998779296875,91.92692565917969,1432.7637939453125,276.63177490234375,373.0799865722656,1048.3487548828125,199.0,521.9299926757812,294.05999755859375,115.73999786376953,196.34141540527344,124.5199966430664,71.83999633789062,71.4000015258789,427.0359802246094,440.8299865722656,301.5659484863281,27.52573013305664
2026-06-25,416.6605224609375,667.2864379882812,532.5700073242188,347.7099914550781,1838.8018798828125,41.433197021484375,378.9100036621094,268.0299987792969,176.1308135986328,132.8699951171875,258.5078125,401.82000732421875,93.55711364746094,1436.1087646484375,281.1906433105469,390.19000244140625,1213.3734130859375,195.74000549316406,534.239990234375,298.6400146484375,118.73999786376953,203.79086303710938,123.69000244140625,74.87999725341797,69.94000244140625,471.7787780761719,434.989990234375,310.2216491699219,27.25057029724121
2026-06-26,385.7347717285156,626.1704711914062,521.5800170898438,334.2699890136719,1792.302001953125,39.809532165527344,365.0199890136719,238.0,161.29336547851562,128.32000732421875,248.3592987060547,379.0899963378906,87.40412902832031,1311.319091796875,266.7041931152344,369.17999267578125,1132.1558837890625,192.52999877929688,488.5799865722656,277.0199890136719,90.6500015258789,188.3648223876953,114.7300033569336,71.41999816894531,68.0,436.6922302246094,432.3500061035156,283.97601318359375,25.13774299621582
2026-06-29,390.5899658203125,693.8980102539062,539.489990234375,343.5799865722656,1880.677734375,41.710411071777344,372.45001220703125,245.67999267578125,170.89523315429688,131.72000122070312,278.0757141113281,410.9100036621094,88.5273666381836,1310.77001953125,277.6814880371094,372.5899963378906,1145.1038818359375,194.97000122070312,520.3900146484375,278.3699951171875,88.56999969482422,187.69845581054688,123.9000015258789,74.79000091552734,67.70999908447266,463.0321350097656,455.1000061035156,284.0257873535156,26.375959396362305
2026-06-30,395.9635925292969,722.2277221679688,580.9099731445312,354.57000732421875,1986.870361328125,44.670631408691406,377.75,271.95001220703125,179.70777893066406,139.6300048828125,301.3693542480469,433.3299865722656,90.65457153320312,1382.3599853515625,297.8165283203125,380.3699951171875,1154.112548828125,200.08999633789062,542.9400024414062,281.0299987792969,94.54000091552734,183.7897186279297,132.74000549316406,74.88999938964844,67.80000305175781,483.6542053222656,477.57000732421875,296.5516357421875,26.739561080932617
2026-07-01,387.7984924316406,650.2146606445312,540.8800048828125,337.4700012207031,1840.6595458984375,42.56184768676758,369.3399963378906,259.0899963378906,165.05020141601562,127.0199966430664,265.8894958496094,391.260009765625,88.15958404541016,1331.72998046875,271.9828796386719,350.6300048828125,1032.121337890625,197.5800018310547,502.6000061035156,279.17999267578125,94.62999725341797,180.9352569580078,123.83000183105469,70.72000122070312,65.93000030517578,427.1759033203125,444.2300109863281,296.889892578125,25.26549530029297
2026-07-02,376.0143737792969,602.3958129882812,517.8200073242188,315.2799987792969,1767.03466796875,41.452999114990234,360.45001220703125,241.91000366210938,146.535888671875,120.3499984741211,235.28407287597656,351.4100036621094,84.13380432128906,1288.1600341796875,245.2294921875,322.260009765625,975.4099731445312,194.8300018310547,470.1400146484375,273.3599853515625,91.22000122070312,175.2959442138672,112.91999816894531,68.3499984741211,62.560001373291016,368.9482727050781,434.1600036621094,291.5870361328125,24.115724563598633
2026-07-06,387.64892578125,592.1567993164062,552.0499877929688,322.239990234375,1822.712646484375,43.31999969482422,373.8999938964844,265.54998779296875,145.04713439941406,122.19999694824219,233.04660034179688,350.20001220703125,87.066162109375,1346.1300048828125,249.20852661132812,327.6400146484375,984.75,195.5500030517578,466.6300048828125,280.510009765625,94.69000244140625,185.47056579589844,113.25,71.38999938964844,61.90999984741211,379.374267578125,451.7900085449219,301.9539794921875,25.383420944213867
2026-07-07,377.8786926269531,553.90771484375,516.1099853515625,300.42999267578125,1745.023193359375,39.650001525878906,370.7799987792969,246.39999389648438,134.96568298339844,110.38999938964844,216.22561645507812,326.1300048828125,83.64673614501953,1272.81005859375,230.64309692382812,304.82000732421875,938.3800048828125,196.92999267578125,446.42999267578125,273.1499938964844,91.0999984741211,181.9795684814453,105.93000030517578,67.27999877929688,59.7599983215332,342.9782409667969,432.57000732421875,291.805908203125,23.417999267578125
2026-07-08,384.2293395996094,569.890625,517.4099731445312,300.239990234375,1766.3656005859375,39.93000030517578,388.69000244140625,258.69000244140625,138.60260009765625,110.23999786376953,220.93028259277344,333.1499938964844,84.97872161865234,1315.510009765625,231.65286254882812,305.2300109863281,948.7999877929688,204.1199951171875,451.989990234375,283.80999755859375,93.79000091552734,185.55014038085938,109.63999938964844,68.54000091552734,58.4900016784668,351.4350280761719,436.9800109863281,299.78509521484375,24.729999542236328
2026-07-09,392.4443359375,588.0311889648438,546.719970703125,327.8699951171875,1801.9195556640625,43.25,401.1099853515625,265.6499938964844,145.9763641357422,112.54000091552734,229.26087951660156,353.1700134277344,87.73216247558594,1374.1300048828125,243.2100067138672,317.3500061035156,991.6400146484375,202.77999877929688,473.989990234375,290.5400085449219,97.87000274658203,190.0755157470703,114.12999725341797,71.38999938964844,59.95000076293945,362.6107177734375,436.9599914550781,306.9583435058594,24.860000610351562
2026-07-10,394.4482116699219,601.8564453125,557.8900146484375,323.3900146484375,1794.9984130859375,42.65999984741211,399.9700012207031,257.7900085449219,145.22698974609375,109.83999633789062,231.2586212158203,350.3299865722656,88.0601806640625,1352.739990234375,235.80999755859375,308.5199890136719,979.2999877929688,210.9600067138672,475.8999938964844,292.260009765625,95.95999908447266,188.1360626220703,112.0999984741211,71.45999908447266,60.380001068115234,359.4619445800781,434.1099853515625,309.8734130859375,24.34000015258789
2026-07-13,384.8374938964844,574.775390625,534.3900146484375,298.989990234375,1723.8106689453125,40.560001373291016,384.04998779296875,236.8800048828125,136.15467834472656,103.12000274658203,221.99908447265625,329.9200134277344,83.72626495361328,1291.3800048828125,217.52999877929688,294.239990234375,937.0,203.52999877929688,452.7300109863281,278.3900146484375,90.37000274658203,182.98410034179688,103.11000061035156,68.47000122070312,58.2400016784668,340.97900390625,421.5799865722656,297.0491027832031,23.459999084472656
2026-07-14,391.5570068359375,595.063720703125,548.1300048828125,281.1700134277344,1773.3465576171875,40.36000061035156,389.1099853515625,236.17999267578125,140.510986328125,107.76000213623047,230.1099090576172,346.1000061035156,86.58903503417969,1376.4100341796875,222.44000244140625,301.760009765625,983.1199951171875,211.8000030517578,473.5400085449219,283.8699951171875,93.7300033569336,177.1359405517578,105.37999725341797,70.12999725341797,56.58000183105469,353.0943908691406,420.3900146484375,303.9935302734375,23.84000015258789
2026-07-15,389.7724304199219,578.81103515625,529.1400146484375,277.010009765625,1812.9254150390625,40.720001220703125,394.2799987792969,226.74000549316406,138.5726318359375,102.98999786376953,224.24655151367188,335.42999267578125,85.7441177368164,1352.6600341796875,206.25999450683594,293.0199890136719,904.280029296875,212.5,472.4800109863281,279.010009765625,92.54000091552734,177.01658630371094,102.88999938964844,67.75,57.5099983215332,341.9886169433594,419.4800109863281,299.6557312011719,24.920000076293945
2026-07-16,379.3741455078125,560.330810546875,500.94000244140625,262.010009765625,1782.5645751953125,39.5099983215332,374.45001220703125,207.97000122070312,134.486083984375,96.9800033569336,219.12232971191406,320.9599914550781,81.1915054321289,1305.6500244140625,188.3000030517578,275.489990234375,853.2000122070312,207.39999389648438,451.1300048828125,270.6600036621094,88.12000274658203,169.6864776611328,101.41999816894531,62.77000045776367,57.630001068115234,322.1762390136719,409.739990234375,289.7365417480469,22.290000915527344
2026-07-17,374.2198181152344,529.0941772460938,495.760009765625,267.19000244140625,1745.32275390625,38.40999984741211,370.8299865722656,202.67999267578125,138.62258911132812,95.04000091552734,212.5098114013672,313.29998779296875,80.47581481933594,1312.0,188.67999267578125,267.3599853515625,848.9500122070312,202.80999755859375,437.4599914550781,266.5299987792969,87.37000274658203,170.8501434326172,101.44000244140625,62.060001373291016,59.349998474121094,322.2362060546875,398.3699951171875,282.57318115234375,21.25
2026-07-20,371.3286437988281,525.1384887695312,503.57000732421875,269.6099853515625,1736.7738037109375,36.900001525878906,378.1600036621094,212.07000732421875,133.6767578125,97.05999755859375,207.36563110351562,306.760009765625,80.02851104736328,1328.800048828125,194.94000244140625,269.79998779296875,865.4600219726562,203.27999877929688,433.1700134277344,267.17999267578125,86.69999694824219,169.39805603027344,100.8499984741211,61.779998779296875,59.79999923706055,333.6318664550781,402.29998779296875,282.6229553222656,20.299999237060547
2026-07-21,381.647216796875,563.9469604492188,544.4299926757812,289.7300109863281,1799.18310546875,40.0099983215332,386.5,223.8699951171875,140.05136108398438,105.44999694824219,217.3143768310547,322.0,82.88134002685547,1383.260009765625,207.9600067138672,283.0299987792969,970.8200073242188,207.2899932861328,453.1000061035156,273.1499938964844,91.05999755859375,172.5608367919922,105.79000091552734,65.43000030517578,62.95000076293945,373.8963928222656,424.6099853515625,289.81610107421875,21.190000534057617
2026-07-22,385.5553283691406,553.3283081054688,552.3300170898438,283.3999938964844,1799.5325927734375,40.4900016784668,396.80999755859375,228.27000427246094,137.3636474609375,102.62000274658203,214.44761657714844,319.2900085449219,84.51152801513672,1398.449951171875,210.99000549316406,282.6199951171875,959.47998046875,212.05999755859375,454.4200134277344,278.79998779296875,92.33000183105469,174.67930603027344,103.83000183105469,65.7699966430664,63.15999984741211,369.318115234375,421.2099914550781,292.69140625,21.290000915527344
2026-07-23,379.0451354980469,562.1987915039062,539.6900024414062,283.0400085449219,1800.671142578125,39.459999084472656,392.4700012207031,236.5,135.1855010986328,100.2300033569336,218.48306274414062,319.7799987792969,80.86347961425781,1397.1500244140625,209.32000732421875,282.82000732421875,990.2100219726562,208.75999450683594,455.3699951171875,277.2900085449219,90.12999725341797,170.18377685546875,103.19000244140625,53.4900016784668,60.470001220703125,373.6064758300781,415.5799865722656,283.5382385253906,20.8700008392334
2026-07-24,370.73046875,535.6771850585938,521.9500122070312,260.010009765625,1754.8204345703125,36.84000015258789,381.9200134277344,213.14999389648438,129.0406951904297,92.31999969482422,210.28233337402344,305.2099914550781,78.38837432861328,1333.81005859375,194.22999572753906,266.989990234375,920.9500122070312,206.83999633789062,437.9800109863281,269.239990234375,86.80999755859375,166.06617736816406,96.01000213623047,51.540000915527344,60.209999084472656,349.78564453125,403.4100036621094,278.15582275390625,19.479999542236328
2026-07-27,370.7604064941406,516.337890625,494.95001220703125,266.3299865722656,1653.1220703125,36.54999923706055,383.2200012207031,208.13999938964844,126.26305389404297,91.66999816894531,203.1304168701172,291.6099853515625,77.43412017822266,1339.0799560546875,189.1699981689453,263.0799865722656,900.2000122070312,196.50999450683594,428.8800048828125,267.6700134277344,89.04000091552734,169.1195526123047,96.41999816894531,53.45000076293945,63.439998626708984,334.6414489746094,399.0899963378906,277.9866943359375,19.079999923706055
2026-07-28,364.7187805175781,475.9510498046875,454.6199951171875,244.74000549316406,1582.949951171875,33.93000030517578,380.9100036621094,192.27999877929688,118.06000518798828,86.30000305175781,190.5845947265625,269.6099853515625,75.25720977783203,1282.010009765625,174.47000122070312,249.22999572753906,820.530029296875,197.00999450683594,402.32000732421875,259.1199951171875,84.38999938964844,161.99832153320312,87.75,50.15999984741211,64.68000030517578,320.5268859863281,392.30999755859375,275.6585998535156,17.360000610351562
2026-07-29,352.296630859375,435.9837951660156,429.55999755859375,224.88999938964844,1550.68994140625,31.1200008392334,370.32000732421875,177.4499969482422,107.01000213623047,81.87999725341797,169.99786376953125,252.35000610351562,70.94316864013672,1248.760009765625,163.39999389648438,228.7100067138672,739.0,190.00999450683594,366.9100036621094,240.97999572753906,78.86000061035156,154.83729553222656,82.80999755859375,48.36000061035156,61.189998626708984,319.287353515625,374.6700134277344,269.9179992675781,17.110000610351562
2026-07-30,365.5562438964844,501.2340087890625,485.3900146484375,241.5399932861328,1651.43994140625,34.77000045776367,387.8399963378906,201.0800018310547,117.11000061035156,91.12999725341797,180.1264190673828,297.7200012207031,74.5614013671875,1316.1800537109375,183.3000030517578,248.7100067138672,874.6599731445312,195.0399932861328,394.07000732421875,245.16000366210938,83.73999786376953,150.77938842773438,89.58000183105469,53.060001373291016,62.47999954223633,365.3496398925781,403.30999755859375,277.3399963378906,18.940000534057617
2026-07-31,366.29400634765625,507.12774658203125,476.1499938964844,239.69000244140625,1629.0,35.16999816894531,389.2799987792969,206.99000549316406,119.05000305175781,90.19999694824219,182.6136016845703,293.0199890136719,73.845703125,1426.030029296875,187.55999755859375,251.44000244140625,823.030029296875,200.75,390.8699951171875,229.16000366210938,81.61000061035156,146.81097412109375,91.02999877929688,52.38999938964844,62.279998779296875,367.548828125,404.25,275.739990234375,19.030000686645508
2026-08-03,360.7807922363281,517.656494140625,484.6400146484375,239.05999755859375,1642.52001953125,36.68000030517578,392.2300109863281,218.35000610351562,125.19999694824219,91.0,182.54368591308594,294.6099853515625,74.7701416015625,1344.3699951171875,193.77999877929688,256.1000061035156,829.5,206.63999938964844,393.69000244140625,224.1699981689453,80.4000015258789,150.7495574951172,92.20999908447266,52.189998626708984,61.290000915527344,365.6595153808594,406.1099853515625,269.0400085449219,18.690000534057617
2026-08-04,379.1348876953125,546.0361328125,518.5800170898438,280.55999755859375,1711.8900146484375,38.70000076293945,418.1600036621094,237.9199981689453,144.55999755859375,100.86000061035156,195.22933959960938,317.739990234375,80.18754577636719,1335.030029296875,218.58999633789062,273.30999755859375,892.6699829101562,211.94000244140625,413.5,237.60000610351562,80.77999877929688,161.78945922851562,100.55000305175781,54.220001220703125,66.79000091552734,403.405029296875,417.1700134277344,283.6300048828125,20.6299991607666
2026-08-05,376.5427551269531,533.6693115234375,482.04998779296875,274.5799865722656,1678.219970703125,36.779998779296875,418.2799987792969,224.6300048828125,145.5500030517578,101.05999755859375,192.58233642578125,307.4200134277344,77.32477569580078,1345.4599609375,211.02000427246094,263.4599914550781,893.1900024414062,219.22000122070312,402.3800048828125,231.14999389648438,76.91000366210938,156.67727661132812,97.30000305175781,52.77000045776367,66.98999786376953,389.2405090332031,414.0,277.7200012207031,19.290000915527344
2026-08-06,376.1639099121094,526.9165649414062,489.2799987792969,286.67999267578125,1704.3699951171875,37.25,420.57000732421875,230.42999267578125,142.64999389648438,99.80999755859375,193.00186157226562,305.7699890136719,73.915283203125,1359.0799560546875,210.5399932861328,301.6400146484375,881.469970703125,218.99000549316406,381.32000732421875,231.77999877929688,78.33000183105469,159.5218048095703,97.68000030517578,53.279998779296875,66.83999633789062,384.7422180175781,418.20001220703125,278.3999938964844,19.200000762939453
2026-08-07,388.7455749511719,538.5641479492188,483.3599853515625,282.57000732421875,1740.989990234375,37.38999938964844,427.760009765625,249.88999938964844,152.0800018310547,101.6500015258789,197.88633728027344,311.3500061035156,84.18350982666016,1401.5400390625,218.72000122070312,310.82000732421875,877.5700073242188,223.9600067138672,393.0199890136719,239.7100067138672,81.16999816894531,166.9513702392578,101.5199966430664,56.099998474121094,70.62000274658203,379.16436767578125,420.0400085449219,286.0799865722656,18.719999313354492
2026-08-10,382.7637939453125,521.562255859375,469.55999755859375,267.8500061035156,1733.47998046875,37.59000015258789,422.3999938964844,239.93499755859375,144.2100067138672,97.5199966430664,192.52239990234375,306.3999938964844,80.90324401855469,1381.0999755859375,208.55999755859375,297.0299987792969,861.0,217.5500030517578,384.79998779296875,233.42999267578125,79.77999877929688,161.2921600341797,95.88999938964844,54.349998474121094,68.79000091552734,364.9598083496094,418.4700012207031,280.44000244140625,18.790000915527344
2026-08-11,384.129638671875,525.0485229492188,474.32000732421875,268.92999267578125,1799.3800048828125,38.650001525878906,416.0799865722656,247.69000244140625,150.2100067138672,97.70999908447266,200.24368286132812,311.4100036621094,80.53545379638672,1402.1099853515625,212.30999755859375,299.92999267578125,868.52001953125,217.5,395.95001220703125,236.3800048828125,81.11000061035156,161.7993927001953,96.41999816894531,55.040000915527344,68.33000183105469,379.41424560546875,422.05999755859375,281.239990234375,18.940000534057617
2026-08-12,383.26226806640625,547.5645141601562,482.92999267578125,271.8699951171875,1810.0699462890625,39.279998779296875,416.04998779296875,268.1600036621094,161.0800018310547,100.94999694824219,208.014892578125,326.1099853515625,78.96490478515625,1425.010009765625,217.0800018310547,310.75,911.2899780273438,224.08999633789062,405.8999938964844,233.41000366210938,83.31999969482422,162.1873016357422,101.01000213623047,54.18000030517578,69.68000030517578,402.5853576660156,429.1499938964844,276.5899963378906,19.309999465942383
2026-08-13,380.01220703125,533.968994140625,483.010009765625,278.6499938964844,1847.9000244140625,39.63999938964844,417.82000732421875,265.989990234375,163.80999755859375,104.55999755859375,209.1336212158203,337.010009765625,77.22537231445312,1362.550048828125,222.17999267578125,307.05999755859375,949.8300170898438,225.3000030517578,411.5,231.91000366210938,81.55999755859375,163.89797973632812,99.33000183105469,53.91999816894531,69.76000213623047,410.36236572265625,430.489990234375,273.42999267578125,19.3799991607666
2026-08-14,388.2072448730469,506.63824462890625,514.3900146484375,279.44000244140625,1844.0799560546875,39.540000915527344,392.989990234375,259.8999938964844,161.75999450683594,102.5,203.49000549316406,332.3599853515625,78.69651794433594,1402.010009765625,222.02000427246094,316.44000244140625,971.6599731445312,225.16000366210938,418.1199951171875,234.7100067138672,82.66000366210938,164.89256286621094,100.8499984741211,54.290000915527344,69.62000274658203,418.62921142578125,426.3500061035156,279.5799865722656,19.149999618530273
2026-08-17,389.0945129394531,534.7382202148438,506.0,271.42999267578125,1883.1199951171875,39.90999984741211,392.42999267578125,282.82000732421875,163.08999633789062,103.48999786376953,205.75999450683594,343.8399963378906,79.7800064086914,1415.989990234375,234.3300018310547,327.5299987792969,1011.75,225.00999450683594,420.7900085449219,232.72000122070312,83.37999725341797,161.30210876464844,100.61000061035156,55.790000915527344,67.7300033569336,442.9698486328125,430.9700012207031,282.9100036621094,19.530000686645508
2026-08-18,375.4859924316406,513.7806396484375,484.3900146484375,253.32000732421875,1802.97998046875,36.40999984741211,380.0,245.97000122070312,150.27000427246094,96.69000244140625,194.7899932861328,327.9200134277344,77.72238159179688,1333.1800537109375,216.0,292.8800048828125,940.760009765625,219.74000549316406,390.9599914550781,228.55999755859375,79.41999816894531,159.32289123535156,93.70999908447266,52.27000045776367,67.43000030517578,404.134765625,413.4100036621094,272.239990234375,18.479999542236328
2026-08-19,372.126220703125,495.6400146484375,466.4200134277344,249.33999633789062,1751.72998046875,35.65999984741211,362.4800109863281,234.82000732421875,144.27999877929688,92.80000305175781,187.27000427246094,307.1700134277344,76.6190185546875,1300.1400146484375,237.27000427246094,269.9800109863281,937.1099853515625,217.55999755859375,385.3299865722656,226.02000427246094,76.58000183105469,161.0335693359375,90.8499984741211,50.40999984741211,68.4800033569336,379.50421142578125,412.0899963378906,267.45001220703125,18.1200008392334
2026-08-20,369.1153869628906,496.2099914550781,469.4599914550781,250.72000122070312,1750.31005859375,36.5099983215332,364.0299987792969,231.35000610351562,144.6300048828125,92.12999725341797,185.86000061035156,310.5299987792969,75.35661315917969,1310.5999755859375,251.00999450683594,266.17999267578125,974.3300170898438,216.85000610351562,383.8699951171875,222.97000122070312,74.70999908447266,159.86990356445312,92.1500015258789,49.91999816894531,67.94000244140625,383.00286865234375,416.0,265.6000061035156,18.0
2026-08-21,371.95672607421875,492.32000732421875,473.25,243.32000732421875,1763.760009765625,36.5099983215332,368.45001220703125,230.57000732421875,143.66000366210938,90.06999969482422,183.99000549316406,314.0,75.625,1316.280029296875,237.0399932861328,266.6099853515625,966.780029296875,214.72000122070312,376.989990234375,225.55999755859375,74.20999908447266,159.87985229492188,91.23999786376953,50.560001373291016,67.13999938964844,375.595703125,418.95001220703125,264.3599853515625,18.34000015258789
2026-08-24,370.0425720214844,484.19000244140625,456.75,238.77999877929688,1740.1300048828125,36.2400016784668,358.760009765625,222.61000061035156,138.25,87.26000213623047,181.57000732421875,310.1700134277344,74.20999908447266,1285.030029296875,229.2899932861328,257.42999267578125,910.4299926757812,208.47999572753906,362.75,222.44000244140625,71.93000030517578,157.67185974121094,87.06999969482422,49.349998474121094,66.86000061035156,364.7598876953125,410.1199951171875,258.94000244140625,19.049999237060547
2026-08-25,372.5249938964844,480.0400085449219,479.17999267578125,241.55999755859375,1744.1600341796875,37.08000183105469,356.739990234375,226.50999450683594,138.8699951171875,87.4800033569336,183.33999633789062,314.6600036621094,73.5,1304.1500244140625,240.3800048828125,266.2699890136719,932.969970703125,213.0500030517578,368.260009765625,224.75,72.51000213623047,159.6908721923828,89.86000061035156,49.459999084472656,65.69999694824219,366.289306640625,417.4100036621094,260.04998779296875,19.600000381469727
2026-08-26,370.670654296875,479.760009765625,480.92999267578125,251.05999755859375,1745.6400146484375,37.2599983215332,355.5899963378906,226.49000549316406,142.4600067138672,88.23999786376953,183.8300018310547,312.8800048828125,74.05000305175781,1303.8800048828125,245.11000061035156,272.6600036621094,938.4000244140625,209.66000366210938,366.3500061035156,223.14999389648438,73.22000122070312,162.83377075195312,90.02999877929688,49.65999984741211,66.62000274658203,362.9605712890625,417.69000244140625,261.7699890136719,19.030000686645508
2026-08-27,373.38238525390625,482.3599853515625,476.6700134277344,255.2100067138672,1735.010009765625,38.900001525878906,371.5400085449219,240.24000549316406,145.30999755859375,92.08999633789062,183.77000427246094,318.5799865722656,75.48999786376953,1311.0799560546875,241.4499969482422,277.1499938964844,935.3900146484375,227.97999572753906,370.9200134277344,225.86000061035156,74.80000305175781,163.88803100585938,91.11000061035156,51.34000015258789,67.36000061035156,371.9171447753906,427.29998779296875,266.5400085449219,19.06999969482422
2026-08-28,360.68109130859375,461.6700134277344,465.5799865722656,239.0500030517578,1696.1600341796875,37.779998779296875,368.7900085449219,232.75,134.9199981689453,89.47000122070312,175.5399932861328,301.8999938964844,72.93000030517578,1256.260009765625,216.6199951171875,265.2699890136719,932.8599853515625,217.5500030517578,349.05999755859375,223.5800018310547,72.61000061035156,163.30123901367188,85.76000213623047,49.380001068115234,65.79000091552734,354.8337097167969,417.5199890136719,258.6400146484375,19.790000915527344
2026-08-31,361.0400085449219,458.3900146484375,470.7200012207031,241.91000366210938,1696.010009765625,36.95000076293945,370.3399963378906,226.19000244140625,135.2899932861328,89.51000213623047,175.4499969482422,301.489990234375,73.44999694824219,1267.77001953125,211.66000366210938,263.8299865722656,958.72998046875,220.77999877929688,348.45001220703125,224.63999938964844,74.08999633789062,169.5571746826172,86.69000244140625,50.13999938964844,67.01000213623047,349.6956481933594,415.32000732421875,260.9100036621094,19.8799991607666
2026-09-01,354.5199890136719,441.8500061035156,459.6099853515625,234.82000732421875,1665.1400146484375,37.43000030517578,369.67999267578125,206.6300048828125,129.50999450683594,88.97000122070312,170.88999938964844,290.20001220703125,71.41000366210938,1225.9599609375,210.38999938964844,262.010009765625,933.4400024414062,217.44000244140625,337.6400146484375,222.39999389648438,72.6500015258789,165.7081298828125,84.4000015258789,49.400001525878906,67.41000366210938,335.3311767578125,414.0,253.33999633789062,20.469999313354492
2026-09-02,355.7099914550781,438.4599914550781,457.05999755859375,234.86000061035156,1682.300048828125,37.08000183105469,367.239990234375,165.22000122070312,131.30999755859375,90.05000305175781,172.25999450683594,288.32000732421875,72.76000213623047,1219.3599853515625,206.47999572753906,257.55999755859375,956.0800170898438,224.41000366210938,349.6000061035156,228.5,72.33999633789062,169.04000854492188,84.72000122070312,50.709999084472656,71.66999816894531,341.48883056640625,415.5,254.8000030517578,19.969999313354492
2026-09-03,356.5,435.9100036621094,456.1600036621094,242.58999633789062,1646.18994140625,37.43000030517578,357.1600036621094,164.1699981689453,130.6999969482422,91.66999816894531,172.94000244140625,292.6600036621094,73.11000061035156,1213.6500244140625,208.8300018310547,259.95001220703125,958.1599731445312,228.4499969482422,352.70001220703125,224.99000549316406,73.6500015258789,168.57000732421875,84.33999633789062,51.279998779296875,71.5,338.4599914550781,417.010009765625,253.8300018310547,19.860000610351562
2026-09-04,362.25,454.7099914550781,477.57000732421875,252.08999633789062,1714.8800048828125,37.5099983215332,357.8999938964844,170.57000732421875,138.74000549316406,95.80000305175781,185.60000610351562,307.6499938964844,74.16999816894531,1223.8599853515625,223.5500030517578,268.95001220703125,1016.5900268554688,230.36000061035156,372.1000061035156,227.83999633789062,74.37999725341797,168.74000549316406,85.45999908447266,52.2400016784668,74.0199966430664,357.0299987792969,428.9100036621094,258.44000244140625,20.770000457763672
2026-09-08,363.20001220703125,472.7900085449219,505.739990234375,261.5299987792969,1764.8499755859375,39.790000915527344,368.55999755859375,167.75,141.08999633789062,104.47000122070312,188.97999572753906,320.4200134277344,73.37999725341797,1218.5,225.41000366210938,274.79998779296875,1000.260009765625,225.72999572753906,377.1099853515625,223.8699951171875,71.08000183105469,174.08999633789062,86.88999938964844,51.970001220703125,75.37999725341797,372.05999755859375,439.0,258.9200134277344,21.81999969482422
